x_init,y_init,x,y,size,red,green,blue
627,180,627,180,1,0,0,0
627,180,627,180,1,0,0,0
627,180,601,163,1,0,0,0
601,163,580,154,1,0,0,0
580,154,558,152,1,0,0,0
558,152,535,153,1,0,0,0
535,153,513,158,1,0,0,0
513,158,494,167,1,0,0,0
494,167,475,181,1,0,0,0
475,181,460,202,1,0,0,0
460,202,443,230,1,0,0,0
443,230,436,247,1,0,0,0
436,247,424,281,1,0,0,0
424,281,413,314,1,0,0,0
413,314,408,350,1,0,0,0
408,350,406,390,1,0,0,0
406,390,407,427,1,0,0,0
407,427,413,461,1,0,0,0
413,461,427,495,1,0,0,0
427,495,444,525,1,0,0,0
444,525,466,551,1,0,0,0
466,551,495,574,1,0,0,0
495,574,526,590,1,0,0,0
526,590,561,599,1,0,0,0
561,599,599,602,1,0,0,0
599,602,638,597,1,0,0,0
638,597,680,583,1,0,0,0
680,583,699,573,1,0,0,0
699,573,740,545,1,0,0,0
740,545,776,511,1,0,0,0
776,511,806,472,1,0,0,0
806,472,827,434,1,0,0,0
827,434,842,392,1,0,0,0
842,392,850,351,1,0,0,0
850,351,849,311,1,0,0,0
849,311,840,269,1,0,0,0
840,269,823,234,1,0,0,0
823,234,800,200,1,0,0,0
800,200,771,170,1,0,0,0
771,170,754,155,1,0,0,0
754,155,717,131,1,0,0,0
717,131,677,114,1,0,0,0
677,114,637,103,1,0,0,0
637,103,596,98,1,0,0,0
596,98,560,99,1,0,0,0
560,99,529,105,1,0,0,0
529,105,502,116,1,0,0,0
502,116,476,134,1,0,0,0
476,134,455,157,1,0,0,0
455,157,435,187,1,0,0,0
435,187,417,223,1,0,0,0
417,223,404,262,1,0,0,0
404,262,396,303,1,0,0,0
396,303,394,322,1,0,0,0
394,322,393,365,1,0,0,0
393,365,397,405,1,0,0,0
397,405,407,447,1,0,0,0
407,447,425,485,1,0,0,0
425,485,448,518,1,0,0,0
448,518,477,547,1,0,0,0
477,547,512,570,1,0,0,0
512,570,549,581,1,0,0,0
549,581,590,587,1,0,0,0
590,587,633,585,1,0,0,0
633,585,678,574,1,0,0,0
678,574,698,566,1,0,0,0
698,566,741,544,1,0,0,0
741,544,778,516,1,0,0,0
778,516,813,481,1,0,0,0
813,481,840,443,1,0,0,0
840,443,860,406,1,0,0,0
860,406,871,368,1,0,0,0
871,368,873,327,1,0,0,0
873,327,866,290,1,0,0,0
866,290,849,250,1,0,0,0
849,250,825,216,1,0,0,0
825,216,793,185,1,0,0,0
793,185,775,173,1,0,0,0
775,173,734,148,1,0,0,0
734,148,691,129,1,0,0,0
691,129,645,118,1,0,0,0
645,118,597,116,1,0,0,0
597,116,553,120,1,0,0,0
553,120,511,132,1,0,0,0
511,132,476,150,1,0,0,0
476,150,444,175,1,0,0,0
444,175,416,204,1,0,0,0
416,204,395,237,1,0,0,0
395,237,378,277,1,0,0,0
378,277,367,315,1,0,0,0
367,315,362,351,1,0,0,0
362,351,364,386,1,0,0,0
364,386,368,401,1,0,0,0
368,401,379,434,1,0,0,0
379,434,401,466,1,0,0,0
401,466,427,494,1,0,0,0
427,494,458,518,1,0,0,0
458,518,491,537,1,0,0,0
491,537,526,553,1,0,0,0
526,553,563,565,1,0,0,0
563,565,601,572,1,0,0,0
601,572,639,574,1,0,0,0
639,574,679,569,1,0,0,0
679,569,697,565,1,0,0,0
697,565,736,549,1,0,0,0
736,549,772,528,1,0,0,0
772,528,805,498,1,0,0,0
805,498,835,463,1,0,0,0
835,463,856,427,1,0,0,0
856,427,873,388,1,0,0,0
873,388,882,349,1,0,0,0
882,349,884,309,1,0,0,0
884,309,878,269,1,0,0,0
878,269,863,234,1,0,0,0
863,234,841,202,1,0,0,0
841,202,814,173,1,0,0,0
814,173,781,147,1,0,0,0
781,147,743,124,1,0,0,0
743,124,702,109,1,0,0,0
702,109,658,99,1,0,0,0
658,99,636,97,1,0,0,0
636,97,589,98,1,0,0,0
589,98,544,106,1,0,0,0
544,106,504,119,1,0,0,0
504,119,469,137,1,0,0,0
469,137,441,157,1,0,0,0
441,157,420,178,1,0,0,0
420,178,404,206,1,0,0,0
404,206,391,238,1,0,0,0
391,238,383,274,1,0,0,0
383,274,380,309,1,0,0,0
380,309,381,343,1,0,0,0
381,343,383,361,1,0,0,0
383,361,392,395,1,0,0,0
392,395,407,429,1,0,0,0
407,429,428,460,1,0,0,0
428,460,450,486,1,0,0,0
450,486,476,507,1,0,0,0
476,507,503,525,1,0,0,0
503,525,533,541,1,0,0,0
533,541,565,554,1,0,0,0
565,554,597,565,1,0,0,0
597,565,632,573,1,0,0,0
632,573,667,575,1,0,0,0
667,575,701,571,1,0,0,0
701,571,718,568,1,0,0,0
718,568,750,558,1,0,0,0
750,558,781,541,1,0,0,0
781,541,811,518,1,0,0,0
811,518,837,488,1,0,0,0
837,488,859,454,1,0,0,0
859,454,875,415,1,0,0,0
875,415,888,377,1,0,0,0
888,377,896,335,1,0,0,0
896,335,896,295,1,0,0,0
896,295,888,259,1,0,0,0
888,259,873,225,1,0,0,0
873,225,862,208,1,0,0,0
862,208,836,181,1,0,0,0
836,181,805,159,1,0,0,0
805,159,767,142,1,0,0,0
767,142,726,128,1,0,0,0
726,128,681,119,1,0,0,0
681,119,636,115,1,0,0,0
636,115,589,117,1,0,0,0
589,117,545,124,1,0,0,0
545,124,504,135,1,0,0,0
504,135,468,152,1,0,0,0
468,152,438,173,1,0,0,0
438,173,424,185,1,0,0,0
424,185,402,211,1,0,0,0
402,211,384,240,1,0,0,0
384,240,373,275,1,0,0,0
373,275,365,313,1,0,0,0
365,313,362,352,1,0,0,0
362,352,364,392,1,0,0,0
364,392,371,429,1,0,0,0
371,429,383,464,1,0,0,0
383,464,401,496,1,0,0,0
401,496,423,523,1,0,0,0
423,523,448,549,1,0,0,0
448,549,463,559,1,0,0,0
463,559,491,578,1,0,0,0
491,578,522,593,1,0,0,0
522,593,552,605,1,0,0,0
552,605,585,612,1,0,0,0
585,612,620,616,1,0,0,0
620,616,654,613,1,0,0,0
654,613,683,606,1,0,0,0
683,606,713,592,1,0,0,0
713,592,742,573,1,0,0,0
742,573,769,548,1,0,0,0
769,548,785,526,1,0,0,0
568,139,568,139,1,0,0,0
568,139,562,169,1,0,0,0
562,169,557,205,1,0,0,0
557,205,552,246,1,0,0,0
552,246,549,294,1,0,0,0
549,294,549,319,1,0,0,0
549,319,550,374,1,0,0,0
550,374,553,433,1,0,0,0
553,433,558,491,1,0,0,0
558,491,566,543,1,0,0,0
566,543,573,594,1,0,0,0
573,594,581,637,1,0,0,0
581,637,591,685,1,0,0,0
591,685,606,739,1,0,0,0
560,149,560,149,1,0,0,0
560,149,560,149,1,0,0,0
560,149,560,149,1,0,0,0
560,149,554,180,1,0,0,0
554,180,551,219,1,0,0,0
551,219,550,266,1,0,0,0
550,266,551,316,1,0,0,0
551,316,554,371,1,0,0,0
554,371,559,431,1,0,0,0
559,431,565,490,1,0,0,0
565,490,570,545,1,0,0,0
570,545,575,600,1,0,0,0
575,600,579,627,1,0,0,0
579,627,587,677,1,0,0,0
587,677,597,720,1,0,0,0
597,720,607,759,1,0,0,0
607,759,621,798,1,0,0,0
558,161,558,161,1,0,0,0
558,161,558,161,1,0,0,0
558,161,557,166,1,0,0,0
557,166,550,228,1,0,0,0
550,228,551,249,1,0,0,0
551,249,552,295,1,0,0,0
552,295,555,345,1,0,0,0
555,345,557,402,1,0,0,0
557,402,560,464,1,0,0,0
560,464,563,520,1,0,0,0
563,520,564,576,1,0,0,0
564,576,567,626,1,0,0,0
567,626,571,668,1,0,0,0
571,668,576,709,1,0,0,0
576,709,586,747,1,0,0,0
377,436,377,436,3,0,0,0
377,436,377,436,3,0,0,0
377,436,377,436,3,0,0,0
377,436,377,439,3,0,0,0
377,439,395,477,3,0,0,0
395,477,403,500,3,0,0,0
403,500,413,530,3,0,0,0
413,530,425,559,3,0,0,0
425,559,429,572,3,0,0,0
429,572,435,585,3,0,0,0
435,585,440,602,3,0,0,0
440,602,444,608,3,0,0,0
444,608,448,617,3,0,0,0
384,434,384,434,3,0,0,0
384,434,384,434,3,0,0,0
384,434,384,434,3,0,0,0
384,434,384,434,3,0,0,0
384,434,384,434,3,0,0,0
384,434,394,460,3,0,0,0
394,460,401,486,3,0,0,0
401,486,409,512,3,0,0,0
409,512,414,525,3,0,0,0
414,525,425,556,3,0,0,0
425,556,433,582,3,0,0,0
433,582,438,602,3,0,0,0
438,602,440,611,3,0,0,0
440,611,442,621,3,0,0,0
442,621,443,627,3,0,0,0
385,464,385,464,3,0,0,0
385,464,385,464,3,0,0,0
385,464,385,464,3,0,0,0
385,464,385,464,3,0,0,0
385,464,385,467,3,0,0,0
385,467,406,514,3,0,0,0
406,514,410,524,3,0,0,0
410,524,416,549,3,0,0,0
416,549,423,575,3,0,0,0
452,651,452,651,3,0,0,0
452,651,452,651,3,0,0,0
452,651,452,651,3,0,0,0
452,651,452,651,3,0,0,0
452,651,452,651,3,0,0,0
452,651,452,651,3,0,0,0
452,651,452,650,3,0,0,0
452,650,456,654,3,0,0,0
456,654,477,673,3,0,0,0
477,673,491,688,3,0,0,0
491,688,503,699,3,0,0,0
503,699,516,714,3,0,0,0
516,714,527,723,3,0,0,0
527,723,540,736,3,0,0,0
540,736,551,747,3,0,0,0
551,747,555,751,3,0,0,0
555,751,559,759,3,0,0,0
464,641,464,641,3,0,0,0
464,641,464,641,3,0,0,0
464,641,464,641,3,0,0,0
464,641,464,641,3,0,0,0
464,641,464,641,3,0,0,0
464,641,464,641,3,0,0,0
464,641,475,658,3,0,0,0
475,658,487,673,3,0,0,0
487,673,500,690,3,0,0,0
500,690,515,703,3,0,0,0
515,703,528,716,3,0,0,0
528,716,534,721,3,0,0,0
534,721,550,730,3,0,0,0
550,730,562,743,3,0,0,0
562,743,575,750,3,0,0,0
575,750,578,753,3,0,0,0
453,636,453,636,3,0,0,0
453,636,453,636,3,0,0,0
453,636,453,636,3,0,0,0
453,636,453,636,3,0,0,0
453,636,453,636,3,0,0,0
453,636,455,637,3,0,0,0
455,637,481,666,3,0,0,0
481,666,487,674,3,0,0,0
487,674,502,691,3,0,0,0
502,691,520,707,3,0,0,0
520,707,536,720,3,0,0,0
536,720,551,730,3,0,0,0
551,730,564,740,3,0,0,0
564,740,577,747,3,0,0,0
577,747,585,752,3,0,0,0
585,752,593,758,3,0,0,0
593,758,597,761,3,0,0,0
469,666,469,666,3,0,0,0
469,666,469,666,3,0,0,0
469,666,469,666,3,0,0,0
469,666,469,666,3,0,0,0
469,666,469,666,3,0,0,0
469,666,469,666,3,0,0,0
469,666,491,683,3,0,0,0
491,683,509,696,3,0,0,0
509,696,526,709,3,0,0,0
526,709,544,721,3,0,0,0
544,721,561,731,3,0,0,0
561,731,577,739,3,0,0,0
577,739,589,746,3,0,0,0
589,746,598,750,3,0,0,0
598,750,609,755,3,0,0,0
609,755,614,762,3,0,0,0
628,751,628,751,3,0,0,0
628,751,628,751,3,0,0,0
628,751,628,751,3,0,0,0
628,751,628,751,3,0,0,0
628,751,628,751,3,0,0,0
628,751,628,751,3,0,0,0
628,751,628,751,3,0,0,0
628,751,628,750,3,0,0,0
628,750,647,740,3,0,0,0
647,740,664,730,3,0,0,0
664,730,682,720,3,0,0,0
682,720,700,709,3,0,0,0
700,709,716,699,3,0,0,0
716,699,729,690,3,0,0,0
729,690,737,684,3,0,0,0
737,684,741,680,3,0,0,0
741,680,740,681,3,0,0,0
625,752,625,752,3,0,0,0
625,752,625,752,3,0,0,0
625,752,625,752,3,0,0,0
625,752,625,752,3,0,0,0
625,752,627,750,3,0,0,0
627,750,663,731,3,0,0,0
663,731,681,719,3,0,0,0
681,719,699,705,3,0,0,0
699,705,717,690,3,0,0,0
717,690,734,676,3,0,0,0
734,676,749,663,3,0,0,0
749,663,755,655,3,0,0,0
755,655,767,645,3,0,0,0
767,645,776,635,3,0,0,0
776,635,781,628,3,0,0,0
703,694,703,694,3,0,0,0
703,694,703,694,3,0,0,0
703,694,703,694,3,0,0,0
752,659,752,659,3,0,0,0
752,659,752,659,3,0,0,0
752,659,754,655,3,0,0,0
754,655,760,650,3,0,0,0
760,650,774,639,3,0,0,0
774,639,782,632,3,0,0,0
782,632,787,628,3,0,0,0
787,628,790,625,3,0,0,0
790,625,790,625,3,0,0,0
790,625,790,625,3,0,0,0
790,625,789,626,3,0,0,0
789,626,769,639,3,0,0,0
769,639,754,650,3,0,0,0
754,650,740,661,3,0,0,0
740,661,726,672,3,0,0,0
726,672,719,679,3,0,0,0
719,679,706,690,3,0,0,0
706,690,697,700,3,0,0,0
697,700,690,710,3,0,0,0
690,710,686,716,3,0,0,0
686,716,686,716,3,0,0,0
812,608,812,608,3,0,0,0
812,608,812,608,3,0,0,0
812,608,812,608,3,0,0,0
812,608,812,608,3,0,0,0
812,608,811,610,3,0,0,0
811,610,806,621,3,0,0,0
806,621,784,641,3,0,0,0
784,641,770,656,3,0,0,0
770,656,755,668,3,0,0,0
755,668,741,679,3,0,0,0
741,679,734,684,3,0,0,0
734,684,722,694,3,0,0,0
722,694,709,702,3,0,0,0
709,702,697,710,3,0,0,0
697,710,688,717,3,0,0,0
688,717,678,723,3,0,0,0
678,723,670,728,3,0,0,0
670,728,664,731,3,0,0,0
664,731,659,735,3,0,0,0
659,735,657,737,3,0,0,0
722,688,722,688,3,0,0,0
722,688,722,688,3,0,0,0
722,688,722,688,3,0,0,0
722,688,722,688,3,0,0,0
722,688,722,688,3,0,0,0
722,688,718,687,3,0,0,0
718,687,706,692,3,0,0,0
706,692,680,718,3,0,0,0
680,718,668,725,3,0,0,0
668,725,656,733,3,0,0,0
656,733,646,740,3,0,0,0
646,740,638,746,3,0,0,0
638,746,633,750,3,0,0,0
633,750,629,752,3,0,0,0
629,752,630,752,3,0,0,0
630,752,630,752,3,0,0,0
630,752,630,752,3,0,0,0
449,625,449,625,3,0,0,0
449,625,449,625,3,0,0,0
449,625,449,625,3,0,0,0
449,625,449,625,3,0,0,0
449,625,449,625,3,0,0,0
449,625,449,625,3,0,0,0
449,625,449,625,3,0,0,0
449,625,449,625,3,0,0,0
449,625,449,625,3,0,0,0
449,625,449,626,3,0,0,0
449,626,459,645,3,0,0,0
459,645,466,655,3,0,0,0
466,655,479,671,3,0,0,0
479,671,493,690,3,0,0,0
493,690,507,705,3,0,0,0
507,705,519,718,3,0,0,0
519,718,523,722,3,0,0,0
447,621,447,621,3,0,0,0
447,621,447,621,3,0,0,0
447,621,447,621,3,0,0,0
447,621,447,621,3,0,0,0
447,621,447,621,3,0,0,0
447,621,447,621,3,0,0,0
447,621,447,621,3,0,0,0
447,621,447,623,3,0,0,0
447,623,449,628,3,0,0,0
449,628,465,649,3,0,0,0
465,649,481,664,3,0,0,0
481,664,497,678,3,0,0,0
497,678,516,694,3,0,0,0
516,694,534,709,3,0,0,0
534,709,551,721,3,0,0,0
551,721,567,733,3,0,0,0
567,733,583,747,3,0,0,0
583,747,590,753,3,0,0,0
590,753,600,765,3,0,0,0
788,622,788,622,3,0,0,0
788,622,788,622,3,0,0,0
788,622,788,622,3,0,0,0
788,622,788,622,3,0,0,0
788,622,788,622,3,0,0,0
788,622,784,624,3,0,0,0
784,624,778,630,3,0,0,0
778,630,772,636,3,0,0,0
772,636,764,643,3,0,0,0
764,643,757,650,3,0,0,0
757,650,749,658,3,0,0,0
749,658,741,665,3,0,0,0
741,665,733,672,3,0,0,0
733,672,729,676,3,0,0,0
729,676,721,684,3,0,0,0
721,684,713,691,3,0,0,0
713,691,705,698,3,0,0,0
705,698,697,705,3,0,0,0
697,705,688,711,3,0,0,0
688,711,680,718,3,0,0,0
680,718,673,723,3,0,0,0
673,723,666,728,3,0,0,0
666,728,658,732,3,0,0,0
658,732,651,737,3,0,0,0
651,737,644,741,3,0,0,0
644,741,639,745,3,0,0,0
639,745,634,748,3,0,0,0
634,748,629,751,3,0,0,0
629,751,625,754,3,0,0,0
625,754,623,755,3,0,0,0
623,755,620,757,3,0,0,0
620,757,618,758,3,0,0,0
618,758,616,759,3,0,0,0
616,759,616,760,3,0,0,0
616,760,615,760,3,0,0,0
615,760,615,760,3,0,0,0
615,760,615,760,3,0,0,0
615,760,616,761,3,0,0,0
616,761,619,762,3,0,0,0
619,762,625,761,3,0,0,0
625,761,649,753,3,0,0,0
649,753,664,744,3,0,0,0
664,744,669,739,3,0,0,0
669,739,680,727,3,0,0,0
680,727,688,719,3,0,0,0
688,719,692,714,3,0,0,0
692,714,691,715,3,0,0,0
691,715,691,715,3,0,0,0
691,715,691,715,3,0,0,0
691,715,690,715,3,0,0,0
690,715,686,717,3,0,0,0
686,717,680,721,3,0,0,0
680,721,657,746,3,0,0,0
486,458,486,458,1,0,0,0
486,458,486,458,1,0,0,0
486,458,486,458,1,0,0,0
486,458,486,458,1,0,0,0
486,458,486,458,1,0,0,0
486,458,476,456,1,0,0,0
476,456,465,455,1,0,0,0
465,455,462,455,1,0,0,0
462,455,457,456,1,0,0,0
457,456,453,458,1,0,0,0
453,458,448,461,1,0,0,0
448,461,445,466,1,0,0,0
445,466,441,472,1,0,0,0
441,472,439,480,1,0,0,0
439,480,438,487,1,0,0,0
438,487,438,494,1,0,0,0
438,494,438,501,1,0,0,0
438,501,439,507,1,0,0,0
439,507,441,512,1,0,0,0
441,512,445,517,1,0,0,0
445,517,447,519,1,0,0,0
447,519,452,522,1,0,0,0
452,522,458,525,1,0,0,0
458,525,463,527,1,0,0,0
463,527,468,528,1,0,0,0
468,528,473,528,1,0,0,0
473,528,478,527,1,0,0,0
478,527,483,525,1,0,0,0
483,525,488,523,1,0,0,0
488,523,492,520,1,0,0,0
492,520,496,518,1,0,0,0
496,518,500,515,1,0,0,0
500,515,503,511,1,0,0,0
503,511,506,508,1,0,0,0
506,508,508,504,1,0,0,0
508,504,509,502,1,0,0,0
509,502,509,498,1,0,0,0
509,498,509,494,1,0,0,0
509,494,507,490,1,0,0,0
507,490,504,486,1,0,0,0
504,486,500,481,1,0,0,0
500,481,495,477,1,0,0,0
495,477,489,473,1,0,0,0
489,473,482,471,1,0,0,0
482,471,475,470,1,0,0,0
475,470,467,470,1,0,0,0
467,470,459,471,1,0,0,0
459,471,455,472,1,0,0,0
455,472,448,475,1,0,0,0
448,475,442,479,1,0,0,0
442,479,436,485,1,0,0,0
436,485,432,491,1,0,0,0
432,491,429,499,1,0,0,0
429,499,427,507,1,0,0,0
427,507,427,514,1,0,0,0
427,514,428,521,1,0,0,0
428,521,430,527,1,0,0,0
430,527,434,533,1,0,0,0
434,533,439,537,1,0,0,0
439,537,442,539,1,0,0,0
442,539,450,543,1,0,0,0
450,543,459,545,1,0,0,0
459,545,472,546,1,0,0,0
472,546,488,546,1,0,0,0
488,546,500,545,1,0,0,0
500,545,510,543,1,0,0,0
510,543,518,539,1,0,0,0
518,539,524,534,1,0,0,0
524,534,529,529,1,0,0,0
529,529,532,524,1,0,0,0
532,524,533,518,1,0,0,0
533,518,532,512,1,0,0,0
532,512,531,509,1,0,0,0
531,509,528,502,1,0,0,0
528,502,523,495,1,0,0,0
523,495,517,489,1,0,0,0
517,489,509,483,1,0,0,0
509,483,499,477,1,0,0,0
499,477,486,473,1,0,0,0
486,473,471,470,1,0,0,0
471,470,462,469,1,0,0,0
462,469,453,470,1,0,0,0
453,470,445,473,1,0,0,0
445,473,442,475,1,0,0,0
442,475,432,484,1,0,0,0
432,484,430,488,1,0,0,0
430,488,426,497,1,0,0,0
426,497,425,505,1,0,0,0
425,505,425,513,1,0,0,0
425,513,427,521,1,0,0,0
427,521,432,528,1,0,0,0
432,528,438,534,1,0,0,0
438,534,448,538,1,0,0,0
448,538,464,541,1,0,0,0
464,541,479,542,1,0,0,0
479,542,485,542,1,0,0,0
485,542,502,536,1,0,0,0
502,536,511,529,1,0,0,0
511,529,514,525,1,0,0,0
514,525,520,517,1,0,0,0
520,517,523,508,1,0,0,0
523,508,523,499,1,0,0,0
523,499,522,490,1,0,0,0
522,490,519,482,1,0,0,0
519,482,514,475,1,0,0,0
514,475,507,469,1,0,0,0
507,469,500,464,1,0,0,0
500,464,491,461,1,0,0,0
491,461,482,460,1,0,0,0
482,460,477,460,1,0,0,0
477,460,468,461,1,0,0,0
468,461,459,464,1,0,0,0
459,464,451,470,1,0,0,0
451,470,444,478,1,0,0,0
444,478,440,488,1,0,0,0
440,488,436,503,1,0,0,0
436,503,436,512,1,0,0,0
436,512,452,534,1,0,0,0
682,473,682,473,1,0,0,0
682,473,682,473,1,0,0,0
682,473,682,473,1,0,0,0
682,473,682,473,1,0,0,0
682,473,678,472,1,0,0,0
678,472,666,470,1,0,0,0
666,470,657,467,1,0,0,0
657,467,651,466,1,0,0,0
651,466,645,466,1,0,0,0
645,466,640,467,1,0,0,0
640,467,634,470,1,0,0,0
634,470,628,475,1,0,0,0
628,475,624,481,1,0,0,0
624,481,621,487,1,0,0,0
621,487,620,493,1,0,0,0
620,493,620,500,1,0,0,0
620,500,621,503,1,0,0,0
621,503,623,509,1,0,0,0
623,509,627,515,1,0,0,0
627,515,633,520,1,0,0,0
633,520,640,525,1,0,0,0
640,525,648,529,1,0,0,0
648,529,659,531,1,0,0,0
659,531,675,532,1,0,0,0
675,532,688,531,1,0,0,0
688,531,698,527,1,0,0,0
698,527,707,522,1,0,0,0
707,522,715,516,1,0,0,0
715,516,721,510,1,0,0,0
721,510,724,504,1,0,0,0
724,504,725,501,1,0,0,0
725,501,725,495,1,0,0,0
725,495,724,490,1,0,0,0
724,490,722,484,1,0,0,0
722,484,717,477,1,0,0,0
717,477,710,471,1,0,0,0
710,471,703,466,1,0,0,0
703,466,694,462,1,0,0,0
694,462,684,459,1,0,0,0
684,459,675,458,1,0,0,0
675,458,666,458,1,0,0,0
666,458,657,460,1,0,0,0
657,460,650,462,1,0,0,0
650,462,645,465,1,0,0,0
645,465,642,467,1,0,0,0
642,467,638,473,1,0,0,0
638,473,634,480,1,0,0,0
634,480,631,486,1,0,0,0
631,486,630,494,1,0,0,0
630,494,629,502,1,0,0,0
629,502,630,509,1,0,0,0
630,509,633,515,1,0,0,0
633,515,638,520,1,0,0,0
638,520,645,525,1,0,0,0
645,525,653,530,1,0,0,0
653,530,686,535,1,0,0,0
686,535,698,532,1,0,0,0
698,532,706,528,1,0,0,0
706,528,718,521,1,0,0,0
718,521,726,514,1,0,0,0
726,514,734,506,1,0,0,0
734,506,738,497,1,0,0,0
738,497,741,488,1,0,0,0
741,488,740,481,1,0,0,0
740,481,736,472,1,0,0,0
736,472,730,465,1,0,0,0
730,465,722,460,1,0,0,0
722,460,712,455,1,0,0,0
712,455,701,450,1,0,0,0
701,450,690,447,1,0,0,0
690,447,682,445,1,0,0,0
682,445,671,444,1,0,0,0
671,444,664,444,1,0,0,0
664,444,655,445,1,0,0,0
655,445,647,448,1,0,0,0
647,448,641,452,1,0,0,0
641,452,637,458,1,0,0,0
637,458,633,465,1,0,0,0
633,465,629,478,1,0,0,0
629,478,625,489,1,0,0,0
625,489,622,497,1,0,0,0
622,497,621,505,1,0,0,0
621,505,621,515,1,0,0,0
621,515,622,520,1,0,0,0
622,520,625,525,1,0,0,0
625,525,632,532,1,0,0,0
632,532,640,537,1,0,0,0
640,537,651,540,1,0,0,0
651,540,662,542,1,0,0,0
662,542,674,542,1,0,0,0
674,542,686,539,1,0,0,0
686,539,698,534,1,0,0,0
698,534,708,527,1,0,0,0
708,527,713,523,1,0,0,0
713,523,721,516,1,0,0,0
721,516,727,509,1,0,0,0
727,509,731,500,1,0,0,0
731,500,732,491,1,0,0,0
732,491,730,482,1,0,0,0
730,482,726,472,1,0,0,0
726,472,718,464,1,0,0,0
718,464,707,459,1,0,0,0
707,459,696,454,1,0,0,0
696,454,684,450,1,0,0,0
684,450,671,448,1,0,0,0
671,448,660,449,1,0,0,0
660,449,648,452,1,0,0,0
648,452,641,455,1,0,0,0
641,455,633,462,1,0,0,0
633,462,625,469,1,0,0,0
625,469,620,481,1,0,0,0
620,481,617,491,1,0,0,0
421,484,421,484,3,0,0,0
421,484,421,484,3,0,0,0
421,484,421,484,3,0,0,0
421,484,421,484,3,0,0,0
421,484,421,484,3,0,0,0
421,484,422,481,3,0,0,0
422,481,425,476,3,0,0,0
425,476,430,472,3,0,0,0
430,472,435,468,3,0,0,0
435,468,440,465,3,0,0,0
440,465,445,463,3,0,0,0
445,463,451,463,3,0,0,0
451,463,456,463,3,0,0,0
456,463,462,465,3,0,0,0
462,465,468,467,3,0,0,0
468,467,471,468,3,0,0,0
471,468,476,471,3,0,0,0
476,471,481,474,3,0,0,0
481,474,485,477,3,0,0,0
485,477,489,480,3,0,0,0
489,480,493,483,3,0,0,0
493,483,495,486,3,0,0,0
495,486,497,488,3,0,0,0
497,488,499,489,3,0,0,0
499,489,500,491,3,0,0,0
500,491,501,491,3,0,0,0
501,491,502,491,3,0,0,0
502,491,502,491,3,0,0,0
502,491,502,491,3,0,0,0
502,491,502,491,3,0,0,0
502,491,502,491,3,0,0,0
502,491,501,491,3,0,0,0
501,491,500,488,3,0,0,0
500,488,497,486,3,0,0,0
497,486,493,483,3,0,0,0
493,483,488,480,3,0,0,0
488,480,483,477,3,0,0,0
483,477,477,475,3,0,0,0
477,475,470,473,3,0,0,0
470,473,464,472,3,0,0,0
464,472,457,472,3,0,0,0
457,472,455,472,3,0,0,0
455,472,450,472,3,0,0,0
450,472,445,472,3,0,0,0
445,472,442,473,3,0,0,0
442,473,439,474,3,0,0,0
439,474,436,475,3,0,0,0
436,475,435,476,3,0,0,0
435,476,434,476,3,0,0,0
434,476,434,476,3,0,0,0
434,476,434,476,3,0,0,0
434,476,434,476,3,0,0,0
434,476,434,476,3,0,0,0
434,476,435,475,3,0,0,0
435,475,438,472,3,0,0,0
438,472,442,470,3,0,0,0
442,470,447,467,3,0,0,0
447,467,451,466,3,0,0,0
451,466,457,464,3,0,0,0
457,464,464,463,3,0,0,0
464,463,470,463,3,0,0,0
470,463,477,464,3,0,0,0
477,464,483,465,3,0,0,0
483,465,487,466,3,0,0,0
487,466,492,469,3,0,0,0
492,469,495,472,3,0,0,0
495,472,499,475,3,0,0,0
499,475,501,479,3,0,0,0
501,479,503,484,3,0,0,0
503,484,505,488,3,0,0,0
505,488,507,492,3,0,0,0
507,492,508,494,3,0,0,0
508,494,509,497,3,0,0,0
509,497,510,500,3,0,0,0
510,500,511,501,3,0,0,0
511,501,511,502,3,0,0,0
511,502,512,503,3,0,0,0
512,503,512,503,3,0,0,0
512,503,512,503,3,0,0,0
512,503,512,503,3,0,0,0
512,503,511,503,3,0,0,0
511,503,510,501,3,0,0,0
510,501,506,498,3,0,0,0
506,498,502,495,3,0,0,0
502,495,497,491,3,0,0,0
497,491,491,486,3,0,0,0
491,486,486,482,3,0,0,0
486,482,480,479,3,0,0,0
480,479,477,477,3,0,0,0
477,477,472,475,3,0,0,0
472,475,467,473,3,0,0,0
467,473,462,473,3,0,0,0
462,473,457,474,3,0,0,0
457,474,453,475,3,0,0,0
453,475,448,477,3,0,0,0
448,477,445,480,3,0,0,0
445,480,443,482,3,0,0,0
620,500,620,500,3,0,0,0
620,500,620,500,3,0,0,0
620,500,620,500,3,0,0,0
620,500,620,500,3,0,0,0
620,500,620,500,3,0,0,0
620,500,620,499,3,0,0,0
620,499,620,498,3,0,0,0
620,498,622,494,3,0,0,0
622,494,625,490,3,0,0,0
625,490,630,485,3,0,0,0
630,485,635,479,3,0,0,0
635,479,641,474,3,0,0,0
641,474,647,470,3,0,0,0
647,470,653,466,3,0,0,0
653,466,658,464,3,0,0,0
658,464,664,462,3,0,0,0
664,462,670,462,3,0,0,0
670,462,677,462,3,0,0,0
677,462,683,463,3,0,0,0
683,463,688,464,3,0,0,0
688,464,693,465,3,0,0,0
693,465,698,467,3,0,0,0
698,467,701,468,3,0,0,0
701,468,703,469,3,0,0,0
703,469,705,470,3,0,0,0
705,470,707,471,3,0,0,0
707,471,708,471,3,0,0,0
708,471,709,471,3,0,0,0
709,471,709,471,3,0,0,0
709,471,710,471,3,0,0,0
710,471,710,470,3,0,0,0
710,470,710,468,3,0,0,0
710,468,710,466,3,0,0,0
710,466,708,463,3,0,0,0
708,463,705,460,3,0,0,0
705,460,703,459,3,0,0,0
703,459,699,456,3,0,0,0
699,456,694,454,3,0,0,0
694,454,688,453,3,0,0,0
688,453,683,452,3,0,0,0
683,452,678,452,3,0,0,0
678,452,672,453,3,0,0,0
672,453,666,455,3,0,0,0
666,455,660,458,3,0,0,0
660,458,653,462,3,0,0,0
653,462,647,467,3,0,0,0
647,467,642,472,3,0,0,0
642,472,636,477,3,0,0,0
636,477,632,482,3,0,0,0
632,482,630,484,3,0,0,0
630,484,626,487,3,0,0,0
626,487,623,490,3,0,0,0
623,490,622,491,3,0,0,0
622,491,621,492,3,0,0,0
621,492,621,492,3,0,0,0
621,492,621,492,3,0,0,0
621,492,621,491,3,0,0,0
621,491,623,490,3,0,0,0
623,490,626,486,3,0,0,0
626,486,631,480,3,0,0,0
631,480,635,477,3,0,0,0
635,477,642,471,3,0,0,0
642,471,650,466,3,0,0,0
650,466,658,461,3,0,0,0
658,461,667,457,3,0,0,0
667,457,675,454,3,0,0,0
675,454,681,453,3,0,0,0
681,453,687,453,3,0,0,0
687,453,691,454,3,0,0,0
691,454,696,456,3,0,0,0
696,456,699,459,3,0,0,0
699,459,703,461,3,0,0,0
703,461,706,464,3,0,0,0
706,464,708,466,3,0,0,0
708,466,710,468,3,0,0,0
710,468,710,468,3,0,0,0
710,468,711,469,3,0,0,0
711,469,712,470,3,0,0,0
712,470,712,470,3,0,0,0
712,470,712,470,3,0,0,0
712,470,712,470,3,0,0,0
712,470,712,470,3,0,0,0
712,470,711,469,3,0,0,0
711,469,708,467,3,0,0,0
708,467,703,463,3,0,0,0
703,463,697,461,3,0,0,0
697,461,690,458,3,0,0,0
690,458,687,458,3,0,0,0
687,458,680,457,3,0,0,0
680,457,672,458,3,0,0,0
672,458,663,460,3,0,0,0
663,460,654,465,3,0,0,0
654,465,646,472,3,0,0,0
646,472,639,478,3,0,0,0
639,478,635,483,3,0,0,0
486,464,486,464,3,0,0,0
486,464,486,464,3,0,0,0
486,464,486,464,3,0,0,0
486,464,486,464,3,0,0,0
486,464,486,464,3,0,0,0
486,464,486,464,3,0,0,0
486,464,486,464,3,0,0,0
486,464,488,465,3,0,0,0
488,465,492,468,3,0,0,0
492,468,496,471,3,0,0,0
496,471,501,475,3,0,0,0
501,475,505,479,3,0,0,0
505,479,509,483,3,0,0,0
509,483,513,487,3,0,0,0
513,487,515,491,3,0,0,0
515,491,518,494,3,0,0,0
518,494,519,497,3,0,0,0
519,497,520,499,3,0,0,0
520,499,521,501,3,0,0,0
521,501,522,502,3,0,0,0
522,502,522,503,3,0,0,0
522,503,522,503,3,0,0,0
522,503,522,503,3,0,0,0
522,503,522,503,3,0,0,0
522,503,522,503,3,0,0,0
522,503,522,503,3,0,0,0
522,503,522,503,3,0,0,0
522,503,521,502,3,0,0,0
521,502,520,501,3,0,0,0
520,501,517,498,3,0,0,0
517,498,514,495,3,0,0,0
514,495,510,492,3,0,0,0
510,492,505,489,3,0,0,0
505,489,501,487,3,0,0,0
501,487,497,485,3,0,0,0
497,485,496,484,3,0,0,0
496,484,493,483,3,0,0,0
493,483,491,483,3,0,0,0
491,483,490,482,3,0,0,0
490,482,490,482,3,0,0,0
490,482,490,482,3,0,0,0
490,482,490,482,3,0,0,0
490,482,490,482,3,0,0,0
490,482,491,483,3,0,0,0
491,483,494,485,3,0,0,0
494,485,499,489,3,0,0,0
499,489,504,494,3,0,0,0
504,494,506,496,3,0,0,0
506,496,510,501,3,0,0,0
510,501,513,505,3,0,0,0
513,505,515,508,3,0,0,0
515,508,516,510,3,0,0,0
474,485,474,485,3,0,0,0
474,485,474,485,3,0,0,0
474,485,474,485,3,0,0,0
474,485,474,485,3,0,0,0
474,485,474,485,3,0,0,0
474,485,474,485,3,0,0,0
474,485,474,485,3,0,0,0
474,485,474,485,3,0,0,0
474,485,474,485,3,0,0,0
474,485,473,484,3,0,0,0
473,484,474,487,3,0,0,0
474,487,475,491,3,0,0,0
475,491,477,496,3,0,0,0
477,496,480,502,3,0,0,0
480,502,482,507,3,0,0,0
482,507,485,512,3,0,0,0
485,512,487,515,3,0,0,0
487,515,488,517,3,0,0,0
488,517,490,519,3,0,0,0
490,519,492,521,3,0,0,0
492,521,493,523,3,0,0,0
493,523,494,524,3,0,0,0
494,524,494,524,3,0,0,0
494,524,494,524,3,0,0,0
494,524,494,524,3,0,0,0
494,524,494,524,3,0,0,0
494,524,494,524,3,0,0,0
494,524,493,522,3,0,0,0
493,522,490,518,3,0,0,0
490,518,488,512,3,0,0,0
488,512,486,509,3,0,0,0
486,509,483,503,3,0,0,0
483,503,481,497,3,0,0,0
481,497,480,493,3,0,0,0
480,493,478,490,3,0,0,0
478,490,477,488,3,0,0,0
477,488,477,487,3,0,0,0
477,487,477,486,3,0,0,0
477,486,477,486,3,0,0,0
477,486,477,486,3,0,0,0
477,486,477,487,3,0,0,0
477,487,478,489,3,0,0,0
478,489,481,495,3,0,0,0
481,495,483,498,3,0,0,0
483,498,487,505,3,0,0,0
487,505,490,510,3,0,0,0
490,510,494,514,3,0,0,0
494,514,496,517,3,0,0,0
496,517,499,519,3,0,0,0
676,481,676,481,3,0,0,0
676,481,676,481,3,0,0,0
676,481,676,481,3,0,0,0
676,481,676,481,3,0,0,0
676,481,676,481,3,0,0,0
676,481,675,480,3,0,0,0
675,480,675,479,3,0,0,0
675,479,674,479,3,0,0,0
674,479,674,479,3,0,0,0
674,479,674,479,3,0,0,0
674,479,674,479,3,0,0,0
674,479,674,480,3,0,0,0
674,480,674,483,3,0,0,0
674,483,675,487,3,0,0,0
675,487,676,492,3,0,0,0
676,492,678,497,3,0,0,0
678,497,680,501,3,0,0,0
680,501,682,504,3,0,0,0
682,504,683,507,3,0,0,0
683,507,684,509,3,0,0,0
684,509,685,510,3,0,0,0
685,510,685,511,3,0,0,0
685,511,685,511,3,0,0,0
685,511,685,511,3,0,0,0
685,511,685,511,3,0,0,0
685,511,685,511,3,0,0,0
685,511,685,511,3,0,0,0
685,511,685,511,3,0,0,0
685,511,685,511,3,0,0,0
685,511,685,511,3,0,0,0
685,511,684,509,3,0,0,0
684,509,682,505,3,0,0,0
682,505,680,500,3,0,0,0
680,500,678,496,3,0,0,0
678,496,676,492,3,0,0,0
676,492,674,488,3,0,0,0
674,488,673,484,3,0,0,0
673,484,672,483,3,0,0,0
672,483,671,481,3,0,0,0
671,481,671,480,3,0,0,0
671,480,671,479,3,0,0,0
671,479,671,479,3,0,0,0
671,479,671,479,3,0,0,0
671,479,671,479,3,0,0,0
671,479,671,480,3,0,0,0
671,480,672,483,3,0,0,0
672,483,674,487,3,0,0,0
674,487,679,493,3,0,0,0
679,493,683,498,3,0,0,0
683,498,688,501,3,0,0,0
688,501,691,504,3,0,0,0
691,504,693,505,3,0,0,0
693,505,695,507,3,0,0,0
700,461,700,461,3,0,0,0
700,461,700,461,3,0,0,0
700,461,700,461,3,0,0,0
700,461,700,461,3,0,0,0
700,461,700,461,3,0,0,0
700,461,700,461,3,0,0,0
700,461,699,460,3,0,0,0
699,460,701,461,3,0,0,0
701,461,704,462,3,0,0,0
704,462,707,464,3,0,0,0
707,464,711,466,3,0,0,0
711,466,713,468,3,0,0,0
713,468,716,470,3,0,0,0
716,470,717,472,3,0,0,0
717,472,718,473,3,0,0,0
718,473,719,474,3,0,0,0
719,474,720,475,3,0,0,0
720,475,720,475,3,0,0,0
720,475,720,475,3,0,0,0
720,475,720,475,3,0,0,0
720,475,720,475,3,0,0,0
720,475,720,475,3,0,0,0
720,475,720,475,3,0,0,0
720,475,720,475,3,0,0,0
720,475,718,473,3,0,0,0
718,473,715,471,3,0,0,0
715,471,711,468,3,0,0,0
711,468,707,467,3,0,0,0
515,467,515,467,3,0,0,0
515,467,515,467,3,0,0,0
515,467,515,467,3,0,0,0
515,467,515,467,3,0,0,0
515,467,515,467,3,0,0,0
515,467,515,467,3,0,0,0
515,467,515,467,3,0,0,0
515,467,515,467,3,0,0,0
515,467,513,466,3,0,0,0
513,466,511,464,3,0,0,0
511,464,508,461,3,0,0,0
508,461,505,459,3,0,0,0
505,459,501,456,3,0,0,0
501,456,496,453,3,0,0,0
496,453,491,450,3,0,0,0
491,450,487,448,3,0,0,0
487,448,482,446,3,0,0,0
482,446,477,444,3,0,0,0
477,444,474,443,3,0,0,0
474,443,469,443,3,0,0,0
469,443,464,442,3,0,0,0
464,442,459,443,3,0,0,0
459,443,453,444,3,0,0,0
453,444,448,445,3,0,0,0
448,445,443,447,3,0,0,0
443,447,438,450,3,0,0,0
438,450,433,453,3,0,0,0
433,453,428,456,3,0,0,0
428,456,425,457,3,0,0,0
425,457,423,458,3,0,0,0
620,474,620,474,3,0,0,0
620,474,620,474,3,0,0,0
620,474,620,474,3,0,0,0
620,474,620,474,3,0,0,0
620,474,620,474,3,0,0,0
620,474,619,473,3,0,0,0
619,473,619,471,3,0,0,0
619,471,621,468,3,0,0,0
621,468,623,464,3,0,0,0
623,464,627,460,3,0,0,0
627,460,632,455,3,0,0,0
632,455,635,453,3,0,0,0
635,453,641,448,3,0,0,0
641,448,647,444,3,0,0,0
647,444,654,440,3,0,0,0
654,440,661,438,3,0,0,0
661,438,667,436,3,0,0,0
667,436,673,435,3,0,0,0
673,435,679,435,3,0,0,0
679,435,684,435,3,0,0,0
684,435,689,437,3,0,0,0
689,437,694,439,3,0,0,0
694,439,698,441,3,0,0,0
698,441,702,444,3,0,0,0
702,444,705,446,3,0,0,0
705,446,707,447,3,0,0,0
707,447,708,448,3,0,0,0
501,432,501,432,3,0,0,0
501,432,501,432,3,0,0,0
501,432,501,432,3,0,0,0
501,432,501,432,3,0,0,0
501,432,501,432,3,0,0,0
501,432,501,432,3,0,0,0
501,432,501,432,3,0,0,0
501,432,501,432,3,0,0,0
501,432,501,432,3,0,0,0
501,432,500,431,3,0,0,0
500,431,499,429,3,0,0,0
499,429,497,427,3,0,0,0
497,427,495,425,3,0,0,0
495,425,491,422,3,0,0,0
491,422,487,420,3,0,0,0
487,420,483,419,3,0,0,0
483,419,481,418,3,0,0,0
481,418,476,417,3,0,0,0
476,417,471,417,3,0,0,0
471,417,466,417,3,0,0,0
466,417,461,417,3,0,0,0
461,417,457,417,3,0,0,0
457,417,452,418,3,0,0,0
452,418,448,419,3,0,0,0
448,419,445,420,3,0,0,0
445,420,442,421,3,0,0,0
442,421,439,423,3,0,0,0
439,423,435,424,3,0,0,0
435,424,432,425,3,0,0,0
432,425,429,426,3,0,0,0
429,426,428,427,3,0,0,0
428,427,425,428,3,0,0,0
425,428,423,429,3,0,0,0
423,429,421,430,3,0,0,0
421,430,419,430,3,0,0,0
419,430,418,431,3,0,0,0
418,431,417,431,3,0,0,0
417,431,416,431,3,0,0,0
416,431,416,431,3,0,0,0
416,431,416,431,3,0,0,0
416,431,416,431,3,0,0,0
416,431,416,431,3,0,0,0
416,431,417,431,3,0,0,0
417,431,419,429,3,0,0,0
419,429,424,427,3,0,0,0
424,427,429,425,3,0,0,0
429,425,435,423,3,0,0,0
435,423,439,421,3,0,0,0
439,421,447,419,3,0,0,0
447,419,454,416,3,0,0,0
454,416,461,414,3,0,0,0
461,414,468,413,3,0,0,0
468,413,475,413,3,0,0,0
475,413,481,413,3,0,0,0
481,413,486,414,3,0,0,0
486,414,491,416,3,0,0,0
491,416,495,418,3,0,0,0
495,418,500,420,3,0,0,0
500,420,503,423,3,0,0,0
503,423,506,425,3,0,0,0
506,425,509,428,3,0,0,0
509,428,512,430,3,0,0,0
512,430,514,432,3,0,0,0
514,432,514,433,3,0,0,0
514,433,516,434,3,0,0,0
516,434,516,435,3,0,0,0
516,435,517,436,3,0,0,0
517,436,517,436,3,0,0,0
517,436,517,436,3,0,0,0
517,436,517,436,3,0,0,0
517,436,517,436,3,0,0,0
517,436,516,436,3,0,0,0
516,436,515,436,3,0,0,0
515,436,512,435,3,0,0,0
512,435,508,433,3,0,0,0
508,433,505,432,3,0,0,0
505,432,500,430,3,0,0,0
500,430,494,429,3,0,0,0
494,429,487,427,3,0,0,0
487,427,481,426,3,0,0,0
481,426,475,425,3,0,0,0
475,425,469,424,3,0,0,0
469,424,466,424,3,0,0,0
466,424,465,424,3,0,0,0
626,441,626,441,3,0,0,0
626,441,626,441,3,0,0,0
626,441,626,441,3,0,0,0
626,441,626,441,3,0,0,0
626,441,626,441,3,0,0,0
626,441,626,441,3,0,0,0
626,441,626,441,3,0,0,0
626,441,626,441,3,0,0,0
626,441,626,440,3,0,0,0
626,440,628,437,3,0,0,0
628,437,631,434,3,0,0,0
631,434,636,430,3,0,0,0
636,430,643,427,3,0,0,0
643,427,651,424,3,0,0,0
651,424,655,423,3,0,0,0
655,423,663,421,3,0,0,0
663,421,672,420,3,0,0,0
672,420,681,420,3,0,0,0
681,420,688,420,3,0,0,0
688,420,694,420,3,0,0,0
694,420,700,421,3,0,0,0
700,421,705,422,3,0,0,0
705,422,710,423,3,0,0,0
710,423,713,424,3,0,0,0
713,424,716,424,3,0,0,0
716,424,717,425,3,0,0,0
717,425,718,425,3,0,0,0
718,425,718,425,3,0,0,0
718,425,718,425,3,0,0,0
718,425,718,425,3,0,0,0
718,425,718,425,3,0,0,0
718,425,718,425,3,0,0,0
718,425,717,424,3,0,0,0
717,424,715,422,3,0,0,0
715,422,712,420,3,0,0,0
712,420,708,418,3,0,0,0
708,418,703,416,3,0,0,0
703,416,699,414,3,0,0,0
699,414,694,413,3,0,0,0
694,413,689,413,3,0,0,0
689,413,686,413,3,0,0,0
686,413,681,413,3,0,0,0
681,413,675,413,3,0,0,0
675,413,669,414,3,0,0,0
669,414,662,416,3,0,0,0
662,416,655,418,3,0,0,0
655,418,649,420,3,0,0,0
649,420,644,422,3,0,0,0
644,422,639,425,3,0,0,0
639,425,634,428,3,0,0,0
634,428,629,430,3,0,0,0
629,430,625,432,3,0,0,0
625,432,622,434,3,0,0,0
622,434,620,435,3,0,0,0
620,435,619,436,3,0,0,0
619,436,619,436,3,0,0,0
619,436,619,436,3,0,0,0
619,436,619,436,3,0,0,0
619,436,619,436,3,0,0,0
619,436,619,435,3,0,0,0
619,435,621,432,3,0,0,0
621,432,626,428,3,0,0,0
626,428,632,424,3,0,0,0
632,424,639,420,3,0,0,0
639,420,647,417,3,0,0,0
647,417,656,415,3,0,0,0
656,415,665,413,3,0,0,0
665,413,669,412,3,0,0,0
669,412,678,411,3,0,0,0
678,411,684,411,3,0,0,0
684,411,690,412,3,0,0,0
447,474,447,474,3,0,0,0
447,474,447,474,3,0,0,0
447,474,447,474,3,0,0,0
447,474,447,474,3,0,0,0
447,474,447,474,3,0,0,0
447,474,447,474,3,0,0,0
447,474,445,474,3,0,0,0
445,474,440,476,3,0,0,0
440,476,435,477,3,0,0,0
435,477,429,478,3,0,0,0
429,478,423,478,3,0,0,0
423,478,417,478,3,0,0,0
448,470,448,470,3,0,0,0
448,470,448,470,3,0,0,0
448,470,448,470,3,0,0,0
448,470,448,470,3,0,0,0
448,470,448,470,3,0,0,0
448,470,446,470,3,0,0,0
446,470,444,472,3,0,0,0
444,472,442,473,3,0,0,0
442,473,440,474,3,0,0,0
440,474,438,475,3,0,0,0
438,475,436,475,3,0,0,0
436,475,435,475,3,0,0,0
435,475,432,475,3,0,0,0
432,475,429,475,3,0,0,0
429,475,426,475,3,0,0,0
426,475,423,475,3,0,0,0
423,475,420,475,3,0,0,0
420,475,417,475,3,0,0,0
417,475,415,474,3,0,0,0
415,474,413,474,3,0,0,0
413,474,412,474,3,0,0,0
412,474,411,474,3,0,0,0
411,474,411,474,3,0,0,0
411,474,411,474,3,0,0,0
411,474,411,474,3,0,0,0
411,474,412,476,3,0,0,0
412,476,413,479,3,0,0,0
413,479,416,482,3,0,0,0
416,482,419,485,3,0,0,0
419,485,422,488,3,0,0,0
422,488,424,490,3,0,0,0
424,490,427,492,3,0,0,0
717,467,717,467,3,0,0,0
717,467,717,467,3,0,0,0
717,467,717,467,3,0,0,0
717,467,717,467,3,0,0,0
717,467,717,467,3,0,0,0
717,467,717,467,3,0,0,0
717,467,717,467,3,0,0,0
717,467,717,467,3,0,0,0
717,467,717,467,3,0,0,0
717,467,717,467,3,0,0,0
717,467,717,467,3,0,0,0
717,467,717,467,3,0,0,0
717,467,717,467,3,0,0,0
717,467,717,467,3,0,0,0
717,467,716,467,3,0,0,0
716,467,718,468,3,0,0,0
718,468,720,468,3,0,0,0
720,468,724,468,3,0,0,0
724,468,728,468,3,0,0,0
728,468,733,467,3,0,0,0
733,467,736,466,3,0,0,0
736,466,739,465,3,0,0,0
739,465,740,465,3,0,0,0
740,465,741,464,3,0,0,0
741,464,741,464,3,0,0,0
741,464,741,464,3,0,0,0
741,464,741,464,3,0,0,0
741,464,741,464,3,0,0,0
741,464,741,464,3,0,0,0
741,464,741,464,3,0,0,0
741,464,741,466,3,0,0,0
741,466,741,467,3,0,0,0
741,467,740,469,3,0,0,0
740,469,739,471,3,0,0,0
739,471,738,473,3,0,0,0
738,473,737,475,3,0,0,0
737,475,735,477,3,0,0,0
735,477,734,479,3,0,0,0
734,479,733,480,3,0,0,0
733,480,733,481,3,0,0,0
713,488,713,488,3,0,0,0
713,488,713,488,3,0,0,0
713,488,713,488,3,0,0,0
713,488,713,488,3,0,0,0
713,488,713,488,3,0,0,0
713,488,713,488,3,0,0,0
713,488,713,488,3,0,0,0
713,488,713,488,3,0,0,0
713,488,713,488,3,0,0,0
713,488,714,491,3,0,0,0
714,491,715,494,3,0,0,0
715,494,715,496,3,0,0,0
715,496,715,500,3,0,0,0
715,500,715,504,3,0,0,0
715,504,715,507,3,0,0,0
715,507,715,509,3,0,0,0
715,509,714,511,3,0,0,0
714,511,714,512,3,0,0,0
515,512,515,512,3,0,0,0
515,512,515,512,3,0,0,0
515,512,515,512,3,0,0,0
515,512,515,512,3,0,0,0
515,512,515,512,3,0,0,0
515,512,515,512,3,0,0,0
515,512,515,512,3,0,0,0
515,512,515,512,3,0,0,0
515,512,515,512,3,0,0,0
515,512,514,512,3,0,0,0
514,512,514,515,3,0,0,0
514,515,514,518,3,0,0,0
514,518,514,520,3,0,0,0
514,520,514,523,3,0,0,0
514,523,514,524,3,0,0,0
514,524,513,526,3,0,0,0
513,526,513,527,3,0,0,0
513,527,513,527,3,0,0,0
461,531,461,531,3,0,0,0
461,531,461,531,3,0,0,0
461,531,461,531,3,0,0,0
453,521,453,521,3,0,0,0
453,521,453,521,3,0,0,0
453,521,453,521,3,0,0,0
453,521,453,521,3,0,0,0
453,521,453,521,3,0,0,0
453,521,453,521,3,0,0,0
453,521,453,521,3,0,0,0
453,521,453,521,3,0,0,0
453,521,457,522,3,0,0,0
457,522,461,524,3,0,0,0
461,524,466,526,3,0,0,0
466,526,472,528,3,0,0,0
472,528,475,529,3,0,0,0
475,529,481,532,3,0,0,0
481,532,486,533,3,0,0,0
486,533,490,535,3,0,0,0
490,535,492,536,3,0,0,0
492,536,494,536,3,0,0,0
494,536,494,537,3,0,0,0
494,537,494,537,3,0,0,0
494,537,494,537,3,0,0,0
494,537,494,537,3,0,0,0
494,537,493,536,3,0,0,0
493,536,490,535,3,0,0,0
490,535,486,534,3,0,0,0
486,534,481,531,3,0,0,0
481,531,476,529,3,0,0,0
476,529,474,528,3,0,0,0
474,528,469,526,3,0,0,0
469,526,466,525,3,0,0,0
466,525,464,524,3,0,0,0
464,524,462,524,3,0,0,0
462,524,462,524,3,0,0,0
462,524,462,524,3,0,0,0
462,524,462,524,3,0,0,0
462,524,463,525,3,0,0,0
463,525,468,527,3,0,0,0
468,527,476,529,3,0,0,0
476,529,504,533,3,0,0,0
504,533,516,532,3,0,0,0
665,521,665,521,3,0,0,0
665,521,665,521,3,0,0,0
665,521,665,521,3,0,0,0
665,521,665,521,3,0,0,0
665,521,665,521,3,0,0,0
665,521,665,521,3,0,0,0
665,521,664,520,3,0,0,0
664,520,665,520,3,0,0,0
665,520,670,519,3,0,0,0
670,519,676,518,3,0,0,0
676,518,683,516,3,0,0,0
683,516,690,514,3,0,0,0
690,514,698,512,3,0,0,0
698,512,704,510,3,0,0,0
704,510,710,508,3,0,0,0
710,508,714,506,3,0,0,0
714,506,717,505,3,0,0,0
717,505,719,504,3,0,0,0
719,504,720,503,3,0,0,0
720,503,720,503,3,0,0,0
720,503,720,503,3,0,0,0
720,503,720,503,3,0,0,0
720,503,720,503,3,0,0,0
720,503,720,503,3,0,0,0
720,503,718,505,3,0,0,0
718,505,715,508,3,0,0,0
715,508,711,512,3,0,0,0
711,512,706,515,3,0,0,0
706,515,700,518,3,0,0,0
700,518,693,520,3,0,0,0
693,520,686,522,3,0,0,0
686,522,679,524,3,0,0,0
679,524,674,526,3,0,0,0
674,526,669,527,3,0,0,0
669,527,667,528,3,0,0,0
667,528,664,528,3,0,0,0
664,528,662,528,3,0,0,0
662,528,662,528,3,0,0,0
662,528,662,528,3,0,0,0
662,528,664,528,3,0,0,0
664,528,669,527,3,0,0,0
669,527,677,526,3,0,0,0
677,526,685,524,3,0,0,0
685,524,692,522,3,0,0,0
692,522,697,520,3,0,0,0
442,521,442,521,3,0,0,0
442,521,442,521,3,0,0,0
442,521,442,521,3,0,0,0
442,521,442,521,3,0,0,0
442,521,442,521,3,0,0,0
442,521,442,521,3,0,0,0
442,521,442,521,3,0,0,0
442,521,442,521,3,0,0,0
442,521,442,521,3,0,0,0
442,521,442,521,3,0,0,0
442,521,443,520,3,0,0,0
443,520,446,522,3,0,0,0
446,522,447,524,3,0,0,0
447,524,453,526,3,0,0,0
453,526,458,529,3,0,0,0
458,529,464,531,3,0,0,0
464,531,470,532,3,0,0,0
470,532,474,533,3,0,0,0
474,533,477,533,3,0,0,0
477,533,478,533,3,0,0,0
478,533,478,533,3,0,0,0
478,533,478,533,3,0,0,0
478,533,478,533,3,0,0,0
478,533,476,532,3,0,0,0
476,532,474,531,3,0,0,0
474,531,471,530,3,0,0,0
471,530,467,529,3,0,0,0
467,529,465,528,3,0,0,0
465,528,464,528,3,0,0,0
464,528,463,528,3,0,0,0
463,528,463,528,3,0,0,0
463,528,463,528,3,0,0,0
463,528,463,528,3,0,0,0
463,528,464,528,3,0,0,0
464,528,468,529,3,0,0,0
468,529,471,530,3,0,0,0
471,530,478,531,3,0,0,0
478,531,485,531,3,0,0,0
485,531,492,531,3,0,0,0
492,531,500,531,3,0,0,0
500,531,506,530,3,0,0,0
506,530,512,529,3,0,0,0
471,477,471,477,3,0,0,0
471,477,471,477,3,0,0,0
471,477,471,477,3,0,0,0
471,477,471,477,3,0,0,0
471,477,471,477,3,0,0,0
471,477,471,477,3,0,0,0
471,477,471,477,3,0,0,0
471,477,471,477,3,0,0,0
471,477,470,481,3,0,0,0
470,481,470,486,3,0,0,0
470,486,471,491,3,0,0,0
471,491,472,497,3,0,0,0
472,497,474,503,3,0,0,0
474,503,476,508,3,0,0,0
476,508,477,511,3,0,0,0
477,511,480,515,3,0,0,0
480,515,482,518,3,0,0,0
482,518,484,520,3,0,0,0
484,520,486,523,3,0,0,0
486,523,488,524,3,0,0,0
488,524,489,525,3,0,0,0
489,525,490,526,3,0,0,0
490,526,491,527,3,0,0,0
491,527,491,527,3,0,0,0
491,527,491,527,3,0,0,0
491,527,491,527,3,0,0,0
491,527,491,527,3,0,0,0
491,527,491,527,3,0,0,0
491,527,490,526,3,0,0,0
490,526,489,523,3,0,0,0
489,523,486,519,3,0,0,0
486,519,483,514,3,0,0,0
483,514,480,510,3,0,0,0
480,510,476,505,3,0,0,0
476,505,473,501,3,0,0,0
473,501,471,498,3,0,0,0
471,498,469,496,3,0,0,0
469,496,468,495,3,0,0,0
468,495,468,495,3,0,0,0
468,495,468,495,3,0,0,0
468,495,468,495,3,0,0,0
670,473,670,473,3,0,0,0
670,473,670,473,3,0,0,0
670,473,670,473,3,0,0,0
670,473,670,473,3,0,0,0
670,473,670,473,3,0,0,0
670,473,670,473,3,0,0,0
670,473,670,473,3,0,0,0
670,473,670,473,3,0,0,0
670,473,670,473,3,0,0,0
670,473,670,475,3,0,0,0
670,475,671,479,3,0,0,0
671,479,673,484,3,0,0,0
673,484,675,489,3,0,0,0
675,489,676,492,3,0,0,0
676,492,679,497,3,0,0,0
679,497,682,500,3,0,0,0
682,500,684,503,3,0,0,0
684,503,686,505,3,0,0,0
686,505,687,507,3,0,0,0
687,507,688,507,3,0,0,0
688,507,688,508,3,0,0,0
688,508,688,508,3,0,0,0
688,508,688,508,3,0,0,0
688,508,688,508,3,0,0,0
688,508,688,508,3,0,0,0
688,508,688,508,3,0,0,0
688,508,688,507,3,0,0,0
688,507,687,507,3,0,0,0
687,507,684,504,3,0,0,0
684,504,680,500,3,0,0,0
680,500,677,496,3,0,0,0
677,496,674,491,3,0,0,0
674,491,672,486,3,0,0,0
672,486,670,481,3,0,0,0
670,481,669,476,3,0,0,0
669,476,668,473,3,0,0,0
668,473,668,471,3,0,0,0
668,471,668,471,3,0,0,0
668,471,668,471,3,0,0,0
668,471,668,471,3,0,0,0
668,471,668,471,3,0,0,0
668,471,668,472,3,0,0,0
668,472,669,477,3,0,0,0
669,477,671,483,3,0,0,0
671,483,674,489,3,0,0,0
674,489,677,495,3,0,0,0
677,495,680,500,3,0,0,0
680,500,683,504,3,0,0,0
683,504,685,507,3,0,0,0
685,507,686,508,3,0,0,0
686,508,687,509,3,0,0,0
687,509,687,509,3,0,0,0
687,509,687,510,3,0,0,0
687,510,687,510,3,0,0,0
687,510,687,510,3,0,0,0
687,510,687,510,3,0,0,0
687,510,686,509,3,0,0,0
686,509,683,506,3,0,0,0
683,506,679,502,3,0,0,0
679,502,676,497,3,0,0,0
676,497,673,492,3,0,0,0
673,492,671,486,3,0,0,0
671,486,669,481,3,0,0,0
669,481,668,476,3,0,0,0
668,476,667,473,3,0,0,0
667,473,667,471,3,0,0,0
667,471,667,471,3,0,0,0
667,471,667,471,3,0,0,0
667,471,667,471,3,0,0,0
667,471,666,471,3,0,0,0
666,471,666,476,3,0,0,0
666,476,666,482,3,0,0,0
666,482,667,487,3,0,0,0
667,487,668,493,3,0,0,0
668,493,671,499,3,0,0,0
671,499,675,502,3,0,0,0
675,502,678,505,3,0,0,0
678,505,681,507,3,0,0,0
681,507,683,507,3,0,0,0
683,507,684,508,3,0,0,0
684,508,684,508,3,0,0,0
684,508,684,508,3,0,0,0
684,508,684,508,3,0,0,0
684,508,684,508,3,0,0,0
684,508,684,508,3,0,0,0
684,508,682,506,3,0,0,0
682,506,679,503,3,0,0,0
679,503,676,499,3,0,0,0
676,499,673,494,3,0,0,0
673,494,671,489,3,0,0,0
671,489,669,484,3,0,0,0
669,484,668,481,3,0,0,0
668,481,667,478,3,0,0,0
667,478,667,478,3,0,0,0
667,478,667,478,3,0,0,0
667,478,667,478,3,0,0,0
667,478,667,479,3,0,0,0
667,479,675,497,3,0,0,0
477,465,477,465,3,0,0,0
477,465,477,465,3,0,0,0
477,465,477,465,3,0,0,0
477,465,477,465,3,0,0,0
477,465,477,465,3,0,0,0
477,465,477,465,3,0,0,0
477,465,477,465,3,0,0,0
477,465,477,465,3,0,0,0
477,465,477,465,3,0,0,0
477,465,475,464,3,0,0,0
475,464,472,464,3,0,0,0
472,464,471,463,3,0,0,0
471,463,469,462,3,0,0,0
469,462,466,460,3,0,0,0
466,460,464,459,3,0,0,0
464,459,461,457,3,0,0,0
461,457,459,456,3,0,0,0
459,456,458,455,3,0,0,0
458,455,457,455,3,0,0,0
457,455,457,455,3,0,0,0
457,455,457,455,3,0,0,0
457,455,457,455,3,0,0,0
457,455,457,455,3,0,0,0
457,455,457,456,3,0,0,0
457,456,457,457,3,0,0,0
457,457,458,459,3,0,0,0
458,459,461,462,3,0,0,0
686,463,686,463,3,0,0,0
686,463,686,463,3,0,0,0
686,463,686,463,3,0,0,0
686,463,686,463,3,0,0,0
686,463,686,463,3,0,0,0
686,463,686,463,3,0,0,0
686,463,686,463,3,0,0,0
686,463,686,463,3,0,0,0
686,463,686,463,3,0,0,0
686,463,686,463,3,0,0,0
686,463,686,462,3,0,0,0
686,462,688,460,3,0,0,0
688,460,691,459,3,0,0,0
691,459,692,458,3,0,0,0
692,458,695,456,3,0,0,0
695,456,697,454,3,0,0,0
697,454,700,452,3,0,0,0
700,452,701,450,3,0,0,0
701,450,703,449,3,0,0,0
703,449,704,448,3,0,0,0
704,448,704,448,3,0,0,0
704,448,704,448,3,0,0,0
704,448,704,448,3,0,0,0
704,448,704,448,3,0,0,0
704,448,704,448,3,0,0,0
704,448,704,448,3,0,0,0
704,448,703,448,3,0,0,0
703,448,702,449,3,0,0,0
702,449,697,451,3,0,0,0
697,451,692,454,3,0,0,0
692,454,686,455,3,0,0,0
686,455,681,456,3,0,0,0
681,456,677,457,3,0,0,0
677,457,674,457,3,0,0,0
475,471,475,471,3,0,0,0
475,471,475,471,3,0,0,0
475,471,475,471,3,0,0,0
475,471,475,471,3,0,0,0
475,471,475,471,3,0,0,0
475,471,475,471,3,0,0,0
475,471,475,471,3,0,0,0
475,471,475,471,3,0,0,0
475,471,475,471,3,0,0,0
475,471,473,470,3,0,0,0
473,470,473,469,3,0,0,0
473,469,470,468,3,0,0,0
470,468,468,466,3,0,0,0
468,466,466,464,3,0,0,0
466,464,464,462,3,0,0,0
464,462,461,460,3,0,0,0
461,460,459,458,3,0,0,0
459,458,458,456,3,0,0,0
458,456,456,454,3,0,0,0
456,454,455,453,3,0,0,0
455,453,454,452,3,0,0,0
454,452,454,452,3,0,0,0
454,452,454,452,3,0,0,0
454,452,454,452,3,0,0,0
454,452,454,452,3,0,0,0
454,452,454,452,3,0,0,0
454,452,454,453,3,0,0,0
454,453,454,456,3,0,0,0
454,456,455,458,3,0,0,0
455,458,457,460,3,0,0,0
457,460,458,463,3,0,0,0
458,463,461,466,3,0,0,0
509,482,509,482,3,0,0,0
509,482,509,482,3,0,0,0
509,482,509,482,3,0,0,0
509,482,509,482,3,0,0,0
509,482,509,482,3,0,0,0
509,482,509,482,3,0,0,0
509,482,509,481,3,0,0,0
509,481,507,480,3,0,0,0
507,480,505,478,3,0,0,0
505,478,503,477,3,0,0,0
503,477,501,475,3,0,0,0
501,475,499,473,3,0,0,0
499,473,498,470,3,0,0,0
498,470,496,468,3,0,0,0
496,468,496,467,3,0,0,0
496,467,495,465,3,0,0,0
495,465,494,464,3,0,0,0
494,464,493,464,3,0,0,0
493,464,493,463,3,0,0,0
493,463,493,463,3,0,0,0
493,463,493,463,3,0,0,0
493,463,493,463,3,0,0,0
493,463,493,464,3,0,0,0
493,464,493,467,3,0,0,0
493,467,493,471,3,0,0,0
493,471,494,474,3,0,0,0
495,454,495,454,3,0,0,0
495,454,495,454,3,0,0,0
495,454,495,454,3,0,0,0
495,454,495,454,3,0,0,0
495,454,495,454,3,0,0,0
495,454,495,454,3,0,0,0
495,454,495,454,3,0,0,0
495,454,495,454,3,0,0,0
495,454,494,454,3,0,0,0
494,454,494,456,3,0,0,0
494,456,495,461,3,0,0,0
495,461,496,466,3,0,0,0
496,466,498,473,3,0,0,0
658,451,658,451,3,0,0,0
658,451,658,451,3,0,0,0
658,451,658,451,3,0,0,0
658,451,658,451,3,0,0,0
658,451,658,451,3,0,0,0
658,451,658,451,3,0,0,0
658,451,658,451,3,0,0,0
658,451,657,452,3,0,0,0
657,452,655,455,3,0,0,0
655,455,654,457,3,0,0,0
654,457,652,462,3,0,0,0
652,462,649,468,3,0,0,0
649,468,646,474,3,0,0,0
646,474,643,478,3,0,0,0
643,478,641,480,3,0,0,0
641,480,640,482,3,0,0,0
640,482,640,482,3,0,0,0
662,453,662,453,3,0,0,0
662,453,662,453,3,0,0,0
662,453,662,453,3,0,0,0
662,453,662,453,3,0,0,0
662,453,662,453,3,0,0,0
662,453,662,453,3,0,0,0
662,453,659,455,3,0,0,0
659,455,654,462,3,0,0,0
654,462,649,468,3,0,0,0
649,468,644,473,3,0,0,0
704,441,704,441,3,0,0,0
704,441,704,441,3,0,0,0
704,441,704,441,3,0,0,0
704,441,704,441,3,0,0,0
704,441,704,441,3,0,0,0
704,441,704,441,3,0,0,0
704,441,702,447,3,0,0,0
702,447,700,456,3,0,0,0
700,456,697,463,3,0,0,0
697,463,695,468,3,0,0,0
695,468,693,471,3,0,0,0
652,447,652,447,3,0,0,0
652,447,652,447,3,0,0,0
652,447,652,447,3,0,0,0
652,447,652,447,3,0,0,0
652,447,652,447,3,0,0,0
652,447,652,447,3,0,0,0
652,447,652,447,3,0,0,0
652,447,652,447,3,0,0,0
652,447,651,450,3,0,0,0
651,450,649,455,3,0,0,0
649,455,646,461,3,0,0,0
646,461,630,485,3,0,0,0
723,476,723,476,3,0,0,0
723,476,723,476,3,0,0,0
723,476,723,476,3,0,0,0
723,476,723,476,3,0,0,0
723,476,723,476,3,0,0,0
723,476,723,476,3,0,0,0
723,476,723,476,3,0,0,0
723,476,723,476,3,0,0,0
723,476,723,476,3,0,0,0
723,476,723,476,3,0,0,0
723,476,723,476,3,0,0,0
723,476,724,478,3,0,0,0
724,478,725,479,3,0,0,0
725,479,726,480,3,0,0,0
726,480,727,480,3,0,0,0
727,480,727,481,3,0,0,0
727,481,727,481,3,0,0,0
727,481,728,481,3,0,0,0
728,481,728,481,3,0,0,0
728,481,728,481,3,0,0,0
728,481,729,481,3,0,0,0
729,481,729,480,3,0,0,0
729,480,731,480,3,0,0,0
731,480,732,479,3,0,0,0
732,479,733,478,3,0,0,0
733,478,733,478,3,0,0,0
733,478,733,478,3,0,0,0
733,478,734,478,3,0,0,0
734,478,734,478,3,0,0,0
734,478,734,478,3,0,0,0
734,478,734,478,3,0,0,0
734,478,734,478,3,0,0,0
734,478,733,478,3,0,0,0
733,478,733,478,3,0,0,0
733,478,732,477,3,0,0,0
732,477,731,477,3,0,0,0
732,476,732,476,3,0,0,0
732,476,732,476,3,0,0,0
732,476,732,476,3,0,0,0
732,476,732,476,3,0,0,0
732,476,732,476,3,0,0,0
732,476,732,476,3,0,0,0
732,476,732,476,3,0,0,0
732,476,732,476,3,0,0,0
732,476,731,475,3,0,0,0
731,475,729,475,3,0,0,0
729,475,727,475,3,0,0,0
727,475,724,475,3,0,0,0
724,475,722,475,3,0,0,0
722,475,720,474,3,0,0,0
720,474,719,474,3,0,0,0
719,474,718,474,3,0,0,0
718,474,718,473,3,0,0,0
718,473,717,473,3,0,0,0
717,473,717,473,3,0,0,0
717,473,717,473,3,0,0,0
717,473,717,473,3,0,0,0
717,473,718,473,3,0,0,0
718,473,719,473,3,0,0,0
719,473,719,473,3,0,0,0
719,473,720,473,3,0,0,0
720,473,720,473,3,0,0,0
720,473,720,473,3,0,0,0
720,473,720,473,3,0,0,0
720,473,720,473,3,0,0,0
720,473,720,472,3,0,0,0
720,472,719,471,3,0,0,0
719,471,718,470,3,0,0,0
718,470,716,469,3,0,0,0
716,469,714,468,3,0,0,0
714,468,713,467,3,0,0,0
713,467,713,467,3,0,0,0
713,467,713,467,3,0,0,0
713,467,713,467,3,0,0,0
713,467,713,467,3,0,0,0
713,467,715,467,3,0,0,0
715,467,718,467,3,0,0,0
718,467,720,467,3,0,0,0
720,467,722,467,3,0,0,0
436,483,436,483,3,0,0,0
436,483,436,483,3,0,0,0
436,483,436,483,3,0,0,0
436,483,436,483,3,0,0,0
436,483,436,483,3,0,0,0
436,483,436,483,3,0,0,0
436,483,436,483,3,0,0,0
436,483,436,483,3,0,0,0
436,483,435,483,3,0,0,0
435,483,435,483,3,0,0,0
435,483,433,486,3,0,0,0
433,486,431,488,3,0,0,0
431,488,429,491,3,0,0,0
429,491,427,493,3,0,0,0
427,493,427,493,3,0,0,0
427,493,427,493,3,0,0,0
427,493,427,493,3,0,0,0
427,493,427,493,3,0,0,0
427,493,427,493,3,0,0,0
427,493,427,493,3,0,0,0
427,493,428,492,3,0,0,0
428,492,430,491,3,0,0,0
430,491,431,489,3,0,0,0
431,489,431,489,3,0,0,0
431,489,431,488,3,0,0,0
431,488,431,488,3,0,0,0
431,488,431,488,3,0,0,0
431,488,431,488,3,0,0,0
431,488,431,488,3,0,0,0
431,488,431,488,3,0,0,0
431,488,431,488,3,0,0,0
431,488,431,488,3,0,0,0
431,488,430,487,3,0,0,0
430,487,427,485,3,0,0,0
427,485,425,484,3,0,0,0
425,484,423,484,3,0,0,0
423,484,421,483,3,0,0,0
563,627,563,627,3,0,0,0
563,627,563,627,3,0,0,0
563,627,563,627,3,0,0,0
563,627,563,627,3,0,0,0
563,627,563,627,3,0,0,0
563,627,562,626,3,0,0,0
562,626,561,625,3,0,0,0
561,625,559,624,3,0,0,0
559,624,558,623,3,0,0,0
558,623,556,622,3,0,0,0
556,622,556,622,3,0,0,0
556,622,555,621,3,0,0,0
555,621,555,621,3,0,0,0
555,621,555,621,3,0,0,0
555,621,555,621,3,0,0,0
555,621,555,621,3,0,0,0
555,621,555,621,3,0,0,0
555,621,555,621,3,0,0,0
555,621,557,622,3,0,0,0
557,622,559,624,3,0,0,0
559,624,561,625,3,0,0,0
561,625,563,627,3,0,0,0
563,627,565,628,3,0,0,0
565,628,566,629,3,0,0,0
566,629,566,629,3,0,0,0
566,629,566,629,3,0,0,0
566,629,566,629,3,0,0,0
566,629,566,629,3,0,0,0
566,629,565,628,3,0,0,0
565,628,564,626,3,0,0,0
564,626,563,623,3,0,0,0
563,623,561,622,3,0,0,0
564,605,564,605,3,0,0,0
564,605,564,605,3,0,0,0
564,605,564,605,3,0,0,0
564,605,564,605,3,0,0,0
564,605,564,605,3,0,0,0
564,605,564,605,3,0,0,0
564,605,562,604,3,0,0,0
562,604,560,603,3,0,0,0
560,603,557,602,3,0,0,0
557,602,555,602,3,0,0,0
555,602,554,602,3,0,0,0
554,602,552,603,3,0,0,0
552,603,551,604,3,0,0,0
551,604,551,604,3,0,0,0
551,604,551,606,3,0,0,0
551,606,551,608,3,0,0,0
551,608,553,610,3,0,0,0
553,610,555,612,3,0,0,0
555,612,558,614,3,0,0,0
558,614,562,615,3,0,0,0
562,615,565,615,3,0,0,0
565,615,567,615,3,0,0,0
567,615,569,614,3,0,0,0
569,614,571,612,3,0,0,0
571,612,571,610,3,0,0,0
571,610,571,608,3,0,0,0
571,608,571,606,3,0,0,0
580,669,580,669,3,0,0,0
580,669,580,669,3,0,0,0
580,669,580,669,3,0,0,0
580,669,580,669,3,0,0,0
580,669,580,669,3,0,0,0
580,669,580,669,3,0,0,0
580,669,579,668,3,0,0,0
553,665,553,665,3,0,0,0
553,665,553,665,3,0,0,0
553,665,553,665,3,0,0,0
553,665,553,665,3,0,0,0
553,665,553,665,3,0,0,0
553,665,553,665,3,0,0,0
553,665,553,665,3,0,0,0
553,665,553,665,3,0,0,0
553,665,553,665,3,0,0,0
553,665,554,664,3,0,0,0
554,664,558,664,3,0,0,0
558,664,563,664,3,0,0,0
563,664,570,662,3,0,0,0
570,662,577,660,3,0,0,0
577,660,584,658,3,0,0,0
584,658,588,657,3,0,0,0
588,657,594,654,3,0,0,0
594,654,601,651,3,0,0,0
601,651,606,649,3,0,0,0
606,649,610,647,3,0,0,0
610,647,613,646,3,0,0,0
613,646,616,645,3,0,0,0
616,645,617,644,3,0,0,0
617,644,619,644,3,0,0,0
619,644,620,643,3,0,0,0
620,643,620,643,3,0,0,0
620,643,621,643,3,0,0,0
621,643,621,643,3,0,0,0
621,643,621,643,3,0,0,0
621,643,621,643,3,0,0,0
621,643,621,643,3,0,0,0
621,643,621,644,3,0,0,0
621,644,622,646,3,0,0,0
622,646,623,650,3,0,0,0
623,650,623,657,3,0,0,0
623,657,623,669,3,0,0,0
623,669,623,682,3,0,0,0
623,682,623,690,3,0,0,0
623,690,623,698,3,0,0,0
623,698,623,704,3,0,0,0
623,704,623,707,3,0,0,0
623,707,623,708,3,0,0,0
554,672,554,672,3,0,0,0
554,672,554,672,3,0,0,0
554,672,554,672,3,0,0,0
554,672,554,672,3,0,0,0
554,672,554,672,3,0,0,0
554,672,554,672,3,0,0,0
554,672,554,672,3,0,0,0
554,672,554,672,3,0,0,0
554,672,553,672,3,0,0,0
553,672,553,675,3,0,0,0
553,675,554,679,3,0,0,0
554,679,556,684,3,0,0,0
556,684,558,689,3,0,0,0
558,689,561,694,3,0,0,0
561,694,563,698,3,0,0,0
563,698,565,702,3,0,0,0
565,702,567,705,3,0,0,0
567,705,569,708,3,0,0,0
621,697,621,697,3,0,0,0
621,697,621,697,3,0,0,0
621,697,621,697,3,0,0,0
621,697,621,697,3,0,0,0
621,697,621,697,3,0,0,0
621,697,621,697,3,0,0,0
621,697,620,697,3,0,0,0
620,697,620,698,3,0,0,0
620,698,620,699,3,0,0,0
620,699,619,701,3,0,0,0
619,701,618,703,3,0,0,0
618,703,617,705,3,0,0,0
617,705,616,706,3,0,0,0
616,706,615,708,3,0,0,0
615,708,613,709,3,0,0,0
613,709,611,710,3,0,0,0
611,710,610,711,3,0,0,0
610,711,609,712,3,0,0,0
609,712,608,713,3,0,0,0
519,288,519,288,3,0,0,0
519,288,519,288,3,0,0,0
519,288,519,288,3,0,0,0
519,288,519,288,3,0,0,0
519,288,519,288,3,0,0,0
519,288,518,288,3,0,0,0
518,288,505,308,3,0,0,0
505,308,498,323,3,0,0,0
498,323,495,341,3,0,0,0
495,341,492,352,3,0,0,0
492,352,492,368,3,0,0,0
492,368,492,375,3,0,0,0
492,375,494,379,3,0,0,0
494,379,495,382,3,0,0,0
523,280,523,280,3,0,0,0
523,280,523,280,3,0,0,0
523,280,523,280,3,0,0,0
523,280,523,280,3,0,0,0
523,280,523,280,3,0,0,0
523,280,523,280,3,0,0,0
523,280,521,282,3,0,0,0
521,282,516,288,3,0,0,0
516,288,511,297,3,0,0,0
511,297,505,306,3,0,0,0
505,306,501,316,3,0,0,0
501,316,497,331,3,0,0,0
497,331,493,342,3,0,0,0
493,342,492,346,3,0,0,0
492,346,490,354,3,0,0,0
490,354,490,363,3,0,0,0
490,363,490,370,3,0,0,0
523,268,523,268,3,0,0,0
523,268,523,268,3,0,0,0
523,268,523,268,3,0,0,0
523,268,523,268,3,0,0,0
523,268,523,268,3,0,0,0
523,268,521,269,3,0,0,0
521,269,520,270,3,0,0,0
520,270,516,276,3,0,0,0
516,276,503,303,3,0,0,0
503,303,497,324,3,0,0,0
497,324,492,346,3,0,0,0
492,346,488,368,3,0,0,0
488,368,484,387,3,0,0,0
484,387,483,406,3,0,0,0
483,406,484,423,3,0,0,0
484,423,487,434,3,0,0,0
487,434,488,439,3,0,0,0
499,293,499,293,3,0,0,0
499,293,499,293,3,0,0,0
499,293,499,293,3,0,0,0
499,293,499,293,3,0,0,0
499,293,498,302,3,0,0,0
498,302,495,339,3,0,0,0
495,339,495,359,3,0,0,0
495,359,497,383,3,0,0,0
497,383,499,407,3,0,0,0
499,407,501,431,3,0,0,0
501,431,503,443,3,0,0,0
503,443,508,459,3,0,0,0
508,459,514,467,3,0,0,0
514,467,517,478,3,0,0,0
495,405,495,405,3,0,0,0
495,405,495,405,3,0,0,0
495,405,495,405,3,0,0,0
495,405,495,405,3,0,0,0
495,405,494,408,3,0,0,0
494,408,510,441,3,0,0,0
510,441,520,461,3,0,0,0
520,461,528,481,3,0,0,0
528,481,538,495,3,0,0,0
538,495,547,512,3,0,0,0
547,512,553,521,3,0,0,0
553,521,559,532,3,0,0,0
559,532,565,542,3,0,0,0
572,524,572,524,3,0,0,0
572,524,572,524,3,0,0,0
572,524,572,524,3,0,0,0
572,524,572,524,3,0,0,0
572,524,572,524,3,0,0,0
572,524,572,524,3,0,0,0
572,524,572,525,3,0,0,0
572,525,572,528,3,0,0,0
572,528,572,531,3,0,0,0
572,531,572,531,3,0,0,0
572,531,572,531,3,0,0,0
572,531,569,523,3,0,0,0
569,523,566,501,3,0,0,0
566,501,564,489,3,0,0,0
564,489,562,479,3,0,0,0
562,479,561,473,3,0,0,0
561,473,561,475,3,0,0,0
561,475,561,474,3,0,0,0
561,474,561,474,3,0,0,0
561,474,561,474,3,0,0,0
561,474,561,474,3,0,0,0
561,474,562,476,3,0,0,0
562,476,565,481,3,0,0,0
565,481,579,503,3,0,0,0
579,503,590,517,3,0,0,0
590,517,600,525,3,0,0,0
600,525,608,531,3,0,0,0
608,531,614,535,3,0,0,0
614,535,617,537,3,0,0,0
617,537,621,540,3,0,0,0
611,255,611,255,3,0,0,0
611,255,611,255,3,0,0,0
611,255,611,255,3,0,0,0
611,255,611,255,3,0,0,0
611,255,611,255,3,0,0,0
611,255,611,255,3,0,0,0
611,255,610,257,3,0,0,0
610,257,608,276,3,0,0,0
608,276,607,292,3,0,0,0
607,292,607,316,3,0,0,0
607,316,607,341,3,0,0,0
607,341,607,361,3,0,0,0
607,361,609,375,3,0,0,0
609,375,610,386,3,0,0,0
610,386,611,396,3,0,0,0
611,396,610,393,3,0,0,0
609,280,609,280,3,0,0,0
609,280,609,280,3,0,0,0
609,280,609,280,3,0,0,0
609,280,609,280,3,0,0,0
609,280,609,280,3,0,0,0
609,280,608,282,3,0,0,0
608,282,608,316,3,0,0,0
608,316,607,327,3,0,0,0
607,327,607,343,3,0,0,0
607,343,607,356,3,0,0,0
607,356,607,373,3,0,0,0
607,373,607,376,3,0,0,0
607,376,609,389,3,0,0,0
609,389,611,402,3,0,0,0
611,402,613,413,3,0,0,0
613,413,615,430,3,0,0,0
615,430,618,441,3,0,0,0
618,441,622,458,3,0,0,0
622,458,625,464,3,0,0,0
584,358,584,358,3,0,0,0
584,358,584,358,3,0,0,0
584,358,584,358,3,0,0,0
584,358,584,358,3,0,0,0
584,358,584,358,3,0,0,0
584,358,584,362,3,0,0,0
584,362,590,392,3,0,0,0
590,392,595,412,3,0,0,0
595,412,601,432,3,0,0,0
601,432,608,448,3,0,0,0
608,448,614,461,3,0,0,0
614,461,622,470,3,0,0,0
622,470,631,483,3,0,0,0
587,346,587,346,3,0,0,0
587,346,587,346,3,0,0,0
587,346,587,346,3,0,0,0
587,346,587,346,3,0,0,0
587,346,587,346,3,0,0,0
587,346,586,349,3,0,0,0
586,349,587,390,3,0,0,0
587,390,588,408,3,0,0,0
588,408,590,428,3,0,0,0
590,428,593,446,3,0,0,0
593,446,597,463,3,0,0,0
597,463,602,481,3,0,0,0
602,481,607,493,3,0,0,0
607,493,612,513,3,0,0,0
612,513,614,520,3,0,0,0
605,471,605,471,3,0,0,0
605,471,605,471,3,0,0,0
605,471,605,471,3,0,0,0
605,471,605,471,3,0,0,0
605,471,604,473,3,0,0,0
604,473,617,503,3,0,0,0
617,503,624,516,3,0,0,0
624,516,629,522,3,0,0,0
629,522,633,528,3,0,0,0
519,354,519,354,3,0,0,0
519,354,519,354,3,0,0,0
519,354,519,354,3,0,0,0
519,354,519,354,3,0,0,0
519,354,519,354,3,0,0,0
519,354,519,354,3,0,0,0
519,354,519,354,3,0,0,0
519,354,519,354,3,0,0,0
550,321,550,321,3,0,0,0
550,321,550,321,3,0,0,0
550,321,550,321,3,0,0,0
550,321,550,321,3,0,0,0
550,321,549,324,3,0,0,0
549,324,549,357,3,0,0,0
549,357,549,381,3,0,0,0
549,381,551,404,3,0,0,0
551,404,553,424,3,0,0,0
553,424,556,438,3,0,0,0
556,438,560,456,3,0,0,0
560,456,564,466,3,0,0,0
564,466,566,481,3,0,0,0
566,481,566,482,3,0,0,0
548,429,548,429,3,0,0,0
548,429,548,429,3,0,0,0
548,429,548,429,3,0,0,0
548,429,548,429,3,0,0,0
548,429,547,432,3,0,0,0
547,432,551,450,3,0,0,0
551,450,564,486,3,0,0,0
564,486,569,497,3,0,0,0
569,497,574,514,3,0,0,0
574,514,576,518,3,0,0,0
550,150,550,150,3,0,0,0
550,150,550,150,3,0,0,0
550,150,550,150,3,0,0,0
550,150,550,150,3,0,0,0
550,150,550,150,3,0,0,0
550,150,550,150,3,0,0,0
550,150,550,150,3,0,0,0
550,150,550,150,3,0,0,0
550,150,550,150,3,0,0,0
550,150,549,150,3,0,0,0
549,150,551,151,3,0,0,0
551,151,553,152,3,0,0,0
553,152,555,153,3,0,0,0
555,153,557,153,3,0,0,0
557,153,559,153,3,0,0,0
559,153,561,152,3,0,0,0
561,152,563,151,3,0,0,0
563,151,564,150,3,0,0,0
564,150,566,148,3,0,0,0
566,148,567,147,3,0,0,0
567,147,568,147,3,0,0,0
568,147,568,146,3,0,0,0
568,146,568,146,3,0,0,0
568,146,568,146,3,0,0,0
568,146,568,146,3,0,0,0
568,146,568,146,3,0,0,0
568,146,567,147,3,0,0,0
567,147,564,149,3,0,0,0
564,149,561,150,3,0,0,0
561,150,559,151,3,0,0,0
559,151,556,151,3,0,0,0
556,151,553,151,3,0,0,0
553,151,551,151,3,0,0,0
551,151,549,150,3,0,0,0
549,150,548,149,3,0,0,0
548,149,546,149,3,0,0,0
546,149,546,148,3,0,0,0
546,148,545,148,3,0,0,0
545,148,544,148,3,0,0,0
508,153,508,153,3,0,0,0
508,153,508,153,3,0,0,0
508,153,508,153,3,0,0,0
508,153,508,153,3,0,0,0
508,153,508,153,3,0,0,0
508,153,508,153,3,0,0,0
508,153,504,152,3,0,0,0
504,152,498,152,3,0,0,0
498,152,490,152,3,0,0,0
490,152,481,154,3,0,0,0
481,154,452,164,3,0,0,0
452,164,436,176,3,0,0,0
436,176,428,183,3,0,0,0
428,183,411,200,3,0,0,0
411,200,395,218,3,0,0,0
395,218,379,241,3,0,0,0
379,241,365,263,3,0,0,0
365,263,353,285,3,0,0,0
353,285,344,305,3,0,0,0
344,305,333,324,3,0,0,0
333,324,327,343,3,0,0,0
327,343,326,349,3,0,0,0
463,170,463,170,3,0,0,0
463,170,463,170,3,0,0,0
463,170,463,170,3,0,0,0
463,170,463,170,3,0,0,0
463,170,440,184,3,0,0,0
440,184,421,202,3,0,0,0
421,202,406,219,3,0,0,0
406,219,387,239,3,0,0,0
387,239,373,263,3,0,0,0
373,263,357,286,3,0,0,0
357,286,347,311,3,0,0,0
347,311,333,337,3,0,0,0
333,337,325,361,3,0,0,0
325,361,322,380,3,0,0,0
322,380,320,391,3,0,0,0
320,391,320,409,3,0,0,0
320,409,320,425,3,0,0,0
356,320,356,320,3,0,0,0
356,320,356,320,3,0,0,0
356,320,356,320,3,0,0,0
356,320,356,320,3,0,0,0
356,320,356,320,3,0,0,0
356,320,350,347,3,0,0,0
350,347,344,372,3,0,0,0
344,372,338,390,3,0,0,0
338,390,335,400,3,0,0,0
335,400,330,413,3,0,0,0
330,413,327,430,3,0,0,0
327,430,326,436,3,0,0,0
326,436,325,442,3,0,0,0
325,442,325,441,3,0,0,0
325,441,325,441,3,0,0,0
331,378,331,378,3,0,0,0
331,378,331,378,3,0,0,0
331,378,331,378,3,0,0,0
331,378,331,378,3,0,0,0
331,378,331,378,3,0,0,0
331,378,331,381,3,0,0,0
331,381,324,414,3,0,0,0
324,414,318,435,3,0,0,0
318,435,311,451,3,0,0,0
311,451,303,465,3,0,0,0
303,465,295,483,3,0,0,0
295,483,290,493,3,0,0,0
290,493,283,503,3,0,0,0
283,503,276,511,3,0,0,0
276,511,271,517,3,0,0,0
271,517,269,519,3,0,0,0
269,519,269,519,3,0,0,0
269,519,269,519,3,0,0,0
269,519,269,519,3,0,0,0
269,519,269,519,3,0,0,0
269,519,268,520,3,0,0,0
268,520,268,520,3,0,0,0
268,520,269,520,3,0,0,0
269,520,272,519,3,0,0,0
272,519,277,517,3,0,0,0
277,517,284,514,3,0,0,0
284,514,287,513,3,0,0,0
287,513,293,509,3,0,0,0
293,509,298,506,3,0,0,0
298,506,302,504,3,0,0,0
302,504,304,503,3,0,0,0
304,503,306,503,3,0,0,0
306,503,307,503,3,0,0,0
307,503,309,507,3,0,0,0
309,507,312,530,3,0,0,0
312,530,312,547,3,0,0,0
312,547,312,558,3,0,0,0
312,558,312,571,3,0,0,0
312,571,312,579,3,0,0,0
487,289,487,289,3,0,0,0
487,289,487,289,3,0,0,0
487,289,487,289,3,0,0,0
487,289,487,289,3,0,0,0
487,289,487,289,3,0,0,0
487,289,487,289,3,0,0,0
487,289,485,300,3,0,0,0
485,300,477,332,3,0,0,0
477,332,474,343,3,0,0,0
474,343,470,355,3,0,0,0
470,355,466,373,3,0,0,0
466,373,461,387,3,0,0,0
461,387,455,403,3,0,0,0
455,403,448,417,3,0,0,0
448,417,441,434,3,0,0,0
441,434,434,446,3,0,0,0
434,446,427,459,3,0,0,0
427,459,418,471,3,0,0,0
418,471,410,485,3,0,0,0
410,485,404,493,3,0,0,0
404,493,398,500,3,0,0,0
398,500,395,504,3,0,0,0
395,504,391,509,3,0,0,0
391,509,389,512,3,0,0,0
389,512,390,511,3,0,0,0
390,511,390,511,3,0,0,0
390,511,390,511,3,0,0,0
390,511,390,511,3,0,0,0
390,511,390,511,3,0,0,0
390,511,390,511,3,0,0,0
390,511,390,511,3,0,0,0
390,511,390,510,3,0,0,0
390,510,390,509,3,0,0,0
390,509,390,507,3,0,0,0
390,507,390,502,3,0,0,0
390,502,390,496,3,0,0,0
390,496,390,490,3,0,0,0
390,490,390,486,3,0,0,0
390,486,390,484,3,0,0,0
390,484,390,484,3,0,0,0
390,484,390,484,3,0,0,0
390,484,390,484,3,0,0,0
390,484,388,486,3,0,0,0
388,486,385,491,3,0,0,0
385,491,382,499,3,0,0,0
382,499,378,507,3,0,0,0
378,507,375,511,3,0,0,0
375,511,371,518,3,0,0,0
371,518,367,523,3,0,0,0
367,523,363,528,3,0,0,0
363,528,361,531,3,0,0,0
361,531,359,533,3,0,0,0
615,145,615,145,3,0,0,0
615,145,615,145,3,0,0,0
615,145,615,145,3,0,0,0
615,145,615,145,3,0,0,0
615,145,615,145,3,0,0,0
615,145,625,145,3,0,0,0
625,145,657,144,3,0,0,0
657,144,671,145,3,0,0,0
671,145,690,149,3,0,0,0
690,149,702,154,3,0,0,0
702,154,721,159,3,0,0,0
721,159,731,165,3,0,0,0
731,165,746,173,3,0,0,0
746,173,754,181,3,0,0,0
754,181,758,189,3,0,0,0
692,143,692,143,3,0,0,0
692,143,692,143,3,0,0,0
692,143,692,143,3,0,0,0
692,143,692,143,3,0,0,0
692,143,692,143,3,0,0,0
692,143,702,144,3,0,0,0
702,144,733,155,3,0,0,0
733,155,751,167,3,0,0,0
751,167,765,180,3,0,0,0
765,180,781,196,3,0,0,0
781,196,795,212,3,0,0,0
795,212,809,229,3,0,0,0
809,229,821,245,3,0,0,0
821,245,835,261,3,0,0,0
835,261,843,276,3,0,0,0
843,276,850,289,3,0,0,0
850,289,858,301,3,0,0,0
858,301,861,309,3,0,0,0
861,309,863,316,3,0,0,0
809,214,809,214,3,0,0,0
809,214,809,214,3,0,0,0
809,214,809,214,3,0,0,0
809,214,809,214,3,0,0,0
809,214,809,214,3,0,0,0
809,214,808,217,3,0,0,0
808,217,820,247,3,0,0,0
820,247,828,264,3,0,0,0
828,264,834,283,3,0,0,0
834,283,841,298,3,0,0,0
841,298,848,315,3,0,0,0
848,315,855,330,3,0,0,0
855,330,861,348,3,0,0,0
861,348,866,366,3,0,0,0
866,366,868,375,3,0,0,0
868,375,872,392,3,0,0,0
872,392,878,407,3,0,0,0
878,407,883,423,3,0,0,0
883,423,890,436,3,0,0,0
890,436,897,451,3,0,0,0
897,451,903,465,3,0,0,0
631,302,631,302,3,0,0,0
631,302,631,302,3,0,0,0
631,302,631,302,3,0,0,0
631,302,631,302,3,0,0,0
631,302,631,302,3,0,0,0
631,302,631,304,3,0,0,0
631,304,640,336,3,0,0,0
640,336,648,351,3,0,0,0
648,351,655,369,3,0,0,0
655,369,663,384,3,0,0,0
663,384,671,403,3,0,0,0
671,403,676,410,3,0,0,0
676,410,686,428,3,0,0,0
686,428,697,445,3,0,0,0
697,445,710,461,3,0,0,0
710,461,719,472,3,0,0,0
719,472,727,482,3,0,0,0
727,482,733,489,3,0,0,0
733,489,738,494,3,0,0,0
738,494,743,500,3,0,0,0
743,500,747,504,3,0,0,0
747,504,747,503,3,0,0,0
747,503,747,504,3,0,0,0
747,504,747,504,3,0,0,0
747,504,747,504,3,0,0,0
747,504,747,504,3,0,0,0
747,504,747,504,3,0,0,0
747,504,747,504,3,0,0,0
747,504,747,502,3,0,0,0
747,502,748,497,3,0,0,0
748,497,747,489,3,0,0,0
747,489,745,480,3,0,0,0
745,480,744,472,3,0,0,0
744,472,742,466,3,0,0,0
742,466,741,461,3,0,0,0
741,461,740,458,3,0,0,0
740,458,740,457,3,0,0,0
740,457,740,457,3,0,0,0
740,457,740,457,3,0,0,0
740,457,740,457,3,0,0,0
740,457,741,459,3,0,0,0
741,459,746,463,3,0,0,0
746,463,767,489,3,0,0,0
767,489,779,498,3,0,0,0
779,498,792,508,3,0,0,0
792,508,809,515,3,0,0,0
809,515,823,521,3,0,0,0
823,521,839,525,3,0,0,0
839,525,851,528,3,0,0,0
851,528,859,529,3,0,0,0
859,529,871,531,3,0,0,0
871,531,887,531,3,0,0,0
887,531,900,530,3,0,0,0
817,445,817,445,3,0,0,0
817,445,817,445,3,0,0,0
817,445,817,445,3,0,0,0
817,445,817,445,3,0,0,0
817,445,817,445,3,0,0,0
817,445,829,468,3,0,0,0
829,468,838,484,3,0,0,0
838,484,845,493,3,0,0,0
845,493,854,501,3,0,0,0
854,501,863,508,3,0,0,0
863,508,869,513,3,0,0,0
869,513,876,517,3,0,0,0
876,517,882,520,3,0,0,0
882,520,887,521,3,0,0,0
841,442,841,442,3,0,0,0
841,442,841,442,3,0,0,0
841,442,841,442,3,0,0,0
841,442,841,442,3,0,0,0
841,442,841,442,3,0,0,0
841,442,841,442,3,0,0,0
841,442,844,445,3,0,0,0
844,445,851,452,3,0,0,0
851,452,859,458,3,0,0,0
859,458,892,474,3,0,0,0
892,474,897,475,3,0,0,0
897,475,909,477,3,0,0,0
909,477,922,477,3,0,0,0
922,477,929,477,3,0,0,0
929,477,937,477,3,0,0,0
937,477,942,476,3,0,0,0
942,476,942,476,3,0,0,0
942,476,943,476,3,0,0,0
943,476,943,476,3,0,0,0
943,476,943,476,3,0,0,0
943,476,943,476,3,0,0,0
943,476,943,476,3,0,0,0
943,476,943,476,3,0,0,0
943,476,943,475,3,0,0,0
943,475,942,475,3,0,0,0
942,475,941,473,3,0,0,0
717,166,717,166,3,0,0,0
717,166,717,166,3,0,0,0
717,166,717,166,3,0,0,0
717,166,717,166,3,0,0,0
717,166,717,166,3,0,0,0
717,166,719,166,3,0,0,0
719,166,749,181,3,0,0,0
749,181,758,194,3,0,0,0
758,194,770,210,3,0,0,0
770,210,781,228,3,0,0,0
781,228,792,246,3,0,0,0
792,246,805,265,3,0,0,0
805,265,816,285,3,0,0,0
816,285,821,293,3,0,0,0
821,293,833,310,3,0,0,0
833,310,840,321,3,0,0,0
840,321,843,330,3,0,0,0
843,330,844,338,3,0,0,0
844,338,844,338,3,0,0,0
844,338,843,338,3,0,0,0
843,338,835,325,3,0,0,0
807,248,807,248,3,0,0,0
807,248,807,248,3,0,0,0
807,248,807,248,3,0,0,0
807,248,807,248,3,0,0,0
807,248,807,248,3,0,0,0
807,248,807,248,3,0,0,0
807,248,808,257,3,0,0,0
808,257,818,289,3,0,0,0
818,289,822,301,3,0,0,0
822,301,828,314,3,0,0,0
828,314,834,323,3,0,0,0
834,323,839,336,3,0,0,0
839,336,843,348,3,0,0,0
843,348,846,356,3,0,0,0
846,356,852,370,3,0,0,0
852,370,858,382,3,0,0,0
858,382,866,397,3,0,0,0
866,397,872,409,3,0,0,0
872,409,879,424,3,0,0,0
879,424,888,436,3,0,0,0
888,436,897,448,3,0,0,0
897,448,909,460,3,0,0,0
909,460,921,469,3,0,0,0
921,469,928,477,3,0,0,0
928,477,937,484,3,0,0,0
937,484,946,489,3,0,0,0
946,489,954,492,3,0,0,0
954,492,956,492,3,0,0,0
956,492,962,493,3,0,0,0
737,262,737,262,3,0,0,0
737,262,737,262,3,0,0,0
737,262,737,262,3,0,0,0
737,262,737,262,3,0,0,0
737,262,748,294,3,0,0,0
748,294,759,324,3,0,0,0
759,324,774,355,3,0,0,0
774,355,789,388,3,0,0,0
789,388,805,416,3,0,0,0
805,416,820,440,3,0,0,0
820,440,836,460,3,0,0,0
836,460,849,475,3,0,0,0
849,475,862,489,3,0,0,0
862,489,865,495,3,0,0,0
699,325,699,325,3,0,0,0
699,325,699,325,3,0,0,0
699,325,699,325,3,0,0,0
699,325,699,325,3,0,0,0
699,325,711,362,3,0,0,0
711,362,722,396,3,0,0,0
722,396,734,427,3,0,0,0
734,427,750,456,3,0,0,0
750,456,767,483,3,0,0,0
767,483,784,506,3,0,0,0
784,506,792,518,3,0,0,0
418,309,418,309,3,0,0,0
418,309,418,309,3,0,0,0
418,309,418,309,3,0,0,0
418,309,418,309,3,0,0,0
418,309,417,312,3,0,0,0
417,312,406,354,3,0,0,0
406,354,396,380,3,0,0,0
396,380,386,407,3,0,0,0
386,407,377,437,3,0,0,0
377,437,366,461,3,0,0,0
366,461,356,481,3,0,0,0
356,481,346,499,3,0,0,0
381,248,381,248,3,0,0,0
381,248,381,248,3,0,0,0
381,248,381,248,3,0,0,0
381,248,378,257,3,0,0,0
378,257,356,290,3,0,0,0
356,290,350,305,3,0,0,0
350,305,345,322,3,0,0,0
345,322,340,338,3,0,0,0
340,338,336,350,3,0,0,0
336,350,333,364,3,0,0,0
333,364,330,377,3,0,0,0
330,377,328,392,3,0,0,0
328,392,327,407,3,0,0,0
327,407,326,412,3,0,0,0
326,412,325,428,3,0,0,0
325,428,323,439,3,0,0,0
323,439,321,451,3,0,0,0
321,451,319,462,3,0,0,0
319,462,316,470,3,0,0,0
316,470,313,481,3,0,0,0
313,481,309,489,3,0,0,0
309,489,306,495,3,0,0,0
306,495,303,500,3,0,0,0
303,500,299,504,3,0,0,0
299,504,297,507,3,0,0,0
297,507,295,510,3,0,0,0
295,510,296,508,3,0,0,0
296,508,296,509,3,0,0,0
296,509,296,509,3,0,0,0
296,509,296,509,3,0,0,0
296,509,296,509,3,0,0,0
296,509,296,509,3,0,0,0
296,509,296,509,3,0,0,0
296,509,296,509,3,0,0,0
296,509,298,507,3,0,0,0
298,507,303,503,3,0,0,0
303,503,310,497,3,0,0,0
310,497,317,489,3,0,0,0
317,489,324,481,3,0,0,0
324,481,330,472,3,0,0,0
330,472,334,465,3,0,0,0
334,465,338,459,3,0,0,0
338,459,341,455,3,0,0,0
341,455,343,452,3,0,0,0
343,452,344,451,3,0,0,0
344,451,344,451,3,0,0,0
344,451,344,451,3,0,0,0
344,451,344,451,3,0,0,0
344,451,344,452,3,0,0,0
344,452,346,455,3,0,0,0
346,455,349,474,3,0,0,0
349,474,349,488,3,0,0,0
349,488,349,497,3,0,0,0
349,497,347,510,3,0,0,0
347,510,346,519,3,0,0,0
346,519,344,525,3,0,0,0
344,525,342,532,3,0,0,0
342,532,339,538,3,0,0,0
339,538,337,544,3,0,0,0
337,544,335,546,3,0,0,0
335,546,333,549,3,0,0,0
333,549,333,548,3,0,0,0
333,548,333,549,3,0,0,0
333,549,333,549,3,0,0,0
333,549,332,550,3,0,0,0
332,550,332,550,3,0,0,0
332,550,332,550,3,0,0,0
332,550,332,550,3,0,0,0
332,550,332,550,3,0,0,0
332,550,337,548,3,0,0,0
337,548,359,531,3,0,0,0
368,537,368,537,3,0,0,0
368,537,368,537,3,0,0,0
368,537,368,537,3,0,0,0
368,537,368,547,3,0,0,0
368,547,368,566,3,0,0,0
368,566,373,599,3,0,0,0
373,599,378,617,3,0,0,0
378,617,383,636,3,0,0,0
383,636,390,653,3,0,0,0
390,653,397,666,3,0,0,0
397,666,404,683,3,0,0,0
404,683,412,693,3,0,0,0
412,693,419,701,3,0,0,0
419,701,422,705,3,0,0,0
422,705,426,710,3,0,0,0
426,710,426,710,3,0,0,0
426,710,426,711,3,0,0,0
426,711,426,711,3,0,0,0
426,711,426,711,3,0,0,0
426,711,426,711,3,0,0,0
426,711,425,698,3,0,0,0
425,698,422,682,3,0,0,0
422,682,418,663,3,0,0,0
418,663,414,646,3,0,0,0
414,646,413,641,3,0,0,0
413,641,410,633,3,0,0,0
410,633,410,634,3,0,0,0
410,634,410,632,3,0,0,0
410,632,410,632,3,0,0,0
410,632,410,632,3,0,0,0
410,632,410,632,3,0,0,0
410,632,411,633,3,0,0,0
411,633,424,647,3,0,0,0
424,647,437,660,3,0,0,0
437,660,449,668,3,0,0,0
449,668,462,678,3,0,0,0
462,678,467,682,3,0,0,0
467,682,478,687,3,0,0,0
478,687,489,691,3,0,0,0
489,691,498,693,3,0,0,0
498,693,505,695,3,0,0,0
505,695,510,695,3,0,0,0
510,695,508,695,3,0,0,0
508,695,509,695,3,0,0,0
509,695,509,695,3,0,0,0
509,695,509,695,3,0,0,0
509,695,508,695,3,0,0,0
508,695,505,693,3,0,0,0
505,693,479,679,3,0,0,0
479,679,465,665,3,0,0,0
465,665,450,652,3,0,0,0
450,652,437,634,3,0,0,0
437,634,430,626,3,0,0,0
430,626,419,602,3,0,0,0
419,602,410,574,3,0,0,0
410,574,406,547,3,0,0,0
406,547,406,521,3,0,0,0
782,514,782,514,3,0,0,0
782,514,782,514,3,0,0,0
782,514,782,514,3,0,0,0
782,514,782,514,3,0,0,0
782,514,782,514,3,0,0,0
782,514,782,514,3,0,0,0
782,514,782,514,3,0,0,0
782,514,781,515,3,0,0,0
781,515,778,537,3,0,0,0
778,537,774,553,3,0,0,0
774,553,767,573,3,0,0,0
767,573,756,589,3,0,0,0
756,589,748,602,3,0,0,0
748,602,739,609,3,0,0,0
739,609,730,614,3,0,0,0
730,614,725,618,3,0,0,0
725,618,726,618,3,0,0,0
726,618,725,618,3,0,0,0
725,618,725,618,3,0,0,0
725,618,724,619,3,0,0,0
724,619,724,619,3,0,0,0
724,619,723,619,3,0,0,0
723,619,723,619,3,0,0,0
723,619,723,619,3,0,0,0
723,619,725,619,3,0,0,0
725,619,730,617,3,0,0,0
730,617,738,612,3,0,0,0
738,612,747,607,3,0,0,0
747,607,757,600,3,0,0,0
757,600,769,592,3,0,0,0
769,592,780,581,3,0,0,0
780,581,783,576,3,0,0,0
783,576,788,570,3,0,0,0
788,570,790,567,3,0,0,0
790,567,791,566,3,0,0,0
791,566,792,565,3,0,0,0
792,565,792,564,3,0,0,0
792,564,792,564,3,0,0,0
792,564,792,564,3,0,0,0
792,564,792,564,3,0,0,0
792,564,792,564,3,0,0,0
792,564,792,566,3,0,0,0
792,566,792,570,3,0,0,0
792,570,790,593,3,0,0,0
790,593,786,606,3,0,0,0
786,606,782,624,3,0,0,0
782,624,779,633,3,0,0,0
779,633,774,647,3,0,0,0
774,647,769,659,3,0,0,0
769,659,762,671,3,0,0,0
762,671,757,682,3,0,0,0
757,682,753,689,3,0,0,0
753,689,749,694,3,0,0,0
749,694,746,698,3,0,0,0
746,698,743,703,3,0,0,0
743,703,739,706,3,0,0,0
739,706,736,709,3,0,0,0
736,709,732,712,3,0,0,0
732,712,732,712,3,0,0,0
732,712,732,712,3,0,0,0
732,712,731,712,3,0,0,0
731,712,731,713,3,0,0,0
731,713,730,713,3,0,0,0
730,713,730,713,3,0,0,0
730,713,730,713,3,0,0,0
730,713,730,713,3,0,0,0
730,713,730,713,3,0,0,0
730,713,730,713,3,0,0,0
730,713,734,712,3,0,0,0
734,712,740,708,3,0,0,0
740,708,763,695,3,0,0,0
763,695,778,685,3,0,0,0
778,685,789,673,3,0,0,0
789,673,799,660,3,0,0,0
799,660,804,656,3,0,0,0
804,656,810,640,3,0,0,0
810,640,816,623,3,0,0,0
816,623,822,603,3,0,0,0
822,603,827,578,3,0,0,0
827,578,831,555,3,0,0,0
831,555,833,539,3,0,0,0
833,539,834,525,3,0,0,0
834,525,833,521,3,0,0,0
784,602,784,602,3,0,0,0
784,602,784,602,3,0,0,0
784,602,784,602,3,0,0,0
784,602,784,602,3,0,0,0
784,602,784,602,3,0,0,0
784,602,784,602,3,0,0,0
784,602,784,602,3,0,0,0
784,602,784,602,3,0,0,0
784,602,784,602,3,0,0,0
784,602,783,602,3,0,0,0
783,602,782,604,3,0,0,0
782,604,781,607,3,0,0,0
781,607,763,643,3,0,0,0
763,643,758,650,3,0,0,0
758,650,749,664,3,0,0,0
749,664,738,676,3,0,0,0
738,676,727,687,3,0,0,0
727,687,718,696,3,0,0,0
718,696,714,699,3,0,0,0
714,699,712,701,3,0,0,0
803,581,803,581,3,0,0,0
803,581,803,581,3,0,0,0
803,581,803,581,3,0,0,0
803,581,803,581,3,0,0,0
803,581,803,581,3,0,0,0
803,581,803,581,3,0,0,0
803,581,800,583,3,0,0,0
800,583,789,596,3,0,0,0
789,596,766,623,3,0,0,0
766,623,755,636,3,0,0,0
755,636,743,651,3,0,0,0
743,651,729,664,3,0,0,0
729,664,719,677,3,0,0,0
719,677,705,690,3,0,0,0
705,690,696,700,3,0,0,0
696,700,688,712,3,0,0,0
688,712,675,727,3,0,0,0
664,594,664,594,3,0,0,0
664,594,664,594,3,0,0,0
664,594,664,594,3,0,0,0
664,594,664,594,3,0,0,0
664,594,664,594,3,0,0,0
664,594,664,592,3,0,0,0
664,592,669,586,3,0,0,0
669,586,674,579,3,0,0,0
674,579,679,574,3,0,0,0
679,574,682,571,3,0,0,0
682,571,683,570,3,0,0,0
683,570,685,569,3,0,0,0
685,569,686,570,3,0,0,0
686,570,687,572,3,0,0,0
687,572,689,576,3,0,0,0
689,576,691,580,3,0,0,0
691,580,694,582,3,0,0,0
694,582,697,584,3,0,0,0
697,584,703,584,3,0,0,0
703,584,710,580,3,0,0,0
710,580,717,575,3,0,0,0
717,575,721,570,3,0,0,0
466,602,466,602,3,0,0,0
466,602,466,602,3,0,0,0
466,602,466,602,3,0,0,0
466,602,466,602,3,0,0,0
466,602,466,602,3,0,0,0
466,602,466,602,3,0,0,0
466,602,467,599,3,0,0,0
467,599,469,597,3,0,0,0
469,597,472,591,3,0,0,0
472,591,476,587,3,0,0,0
476,587,479,584,3,0,0,0
479,584,481,582,3,0,0,0
481,582,482,582,3,0,0,0
482,582,485,583,3,0,0,0
485,583,488,586,3,0,0,0
488,586,491,589,3,0,0,0
491,589,495,592,3,0,0,0
495,592,499,593,3,0,0,0
499,593,502,593,3,0,0,0
502,593,509,591,3,0,0,0
509,591,532,574,3,0,0,0
810,191,810,191,3,0,0,0
810,191,810,191,3,0,0,0
810,191,810,191,3,0,0,0
810,191,841,181,3,0,0,0
841,181,869,175,3,0,0,0
869,175,895,170,3,0,0,0
895,170,922,167,3,0,0,0
922,167,948,165,3,0,0,0
948,165,970,166,3,0,0,0
814,199,814,199,3,0,0,0
814,199,814,199,3,0,0,0
814,199,814,199,3,0,0,0
814,199,841,191,3,0,0,0
841,191,869,184,3,0,0,0
869,184,882,183,3,0,0,0
882,183,912,179,3,0,0,0
912,179,942,179,3,0,0,0
942,179,971,180,3,0,0,0
971,180,993,184,3,0,0,0
993,184,1012,190,3,0,0,0
1012,190,1016,194,3,0,0,0
911,165,911,165,3,0,0,0
911,165,911,165,3,0,0,0
911,165,911,165,3,0,0,0
911,165,946,163,3,0,0,0
946,163,973,166,3,0,0,0
973,166,993,171,3,0,0,0
993,171,1014,179,3,0,0,0
1014,179,1035,187,3,0,0,0
1035,187,1051,197,3,0,0,0
1051,197,1063,203,3,0,0,0
1068,194,1068,194,3,0,0,0
1068,194,1068,194,3,0,0,0
1068,194,1068,194,3,0,0,0
1068,194,1068,194,3,0,0,0
1068,194,1067,221,3,0,0,0
1067,221,1068,239,3,0,0,0
1068,239,1068,258,3,0,0,0
1068,258,1066,273,3,0,0,0
1066,273,1064,286,3,0,0,0
1064,286,1061,291,3,0,0,0
1061,291,1062,290,3,0,0,0
1074,254,1074,254,3,0,0,0
1074,254,1074,254,3,0,0,0
1074,254,1074,254,3,0,0,0
1074,254,1074,254,3,0,0,0
1074,254,1074,254,3,0,0,0
1074,254,1074,254,3,0,0,0
1074,254,1070,264,3,0,0,0
1070,264,1064,279,3,0,0,0
1064,279,1057,286,3,0,0,0
1057,286,1052,291,3,0,0,0
1052,291,1050,292,3,0,0,0
1050,292,1047,294,3,0,0,0
1047,294,1046,295,3,0,0,0
1046,295,1044,296,3,0,0,0
1044,296,1043,296,3,0,0,0
1043,296,1041,297,3,0,0,0
1041,297,1037,298,3,0,0,0
1037,298,1030,298,3,0,0,0
1030,298,998,298,3,0,0,0
998,298,966,299,3,0,0,0
966,299,938,299,3,0,0,0
938,299,904,300,3,0,0,0
904,300,882,299,3,0,0,0
882,299,872,298,3,0,0,0
872,298,859,295,3,0,0,0
859,295,846,292,3,0,0,0
846,292,841,289,3,0,0,0
841,289,841,289,3,0,0,0
841,289,840,289,3,0,0,0
840,289,840,289,3,0,0,0
840,289,840,289,3,0,0,0
840,289,840,289,3,0,0,0
840,289,840,289,3,0,0,0
840,289,858,302,3,0,0,0
858,302,874,310,3,0,0,0
874,310,885,314,3,0,0,0
885,314,906,319,3,0,0,0
906,319,930,322,3,0,0,0
930,322,953,325,3,0,0,0
953,325,971,325,3,0,0,0
971,325,984,324,3,0,0,0
984,324,993,321,3,0,0,0
993,321,993,321,3,0,0,0
993,321,994,321,3,0,0,0
994,321,994,321,3,0,0,0
994,321,992,320,3,0,0,0
992,320,959,317,3,0,0,0
959,317,949,317,3,0,0,0
949,317,922,317,3,0,0,0
922,317,895,318,3,0,0,0
895,318,874,317,3,0,0,0
874,317,870,317,3,0,0,0
1042,324,1042,324,3,0,0,0
1042,324,1042,324,3,0,0,0
1042,324,1042,324,3,0,0,0
1042,324,1042,324,3,0,0,0
1042,324,1042,324,3,0,0,0
1042,324,1040,334,3,0,0,0
1040,334,1031,371,3,0,0,0
1031,371,1026,378,3,0,0,0
1026,378,1023,383,3,0,0,0
1023,383,1023,383,3,0,0,0
1023,383,1022,384,3,0,0,0
1022,384,1022,384,3,0,0,0
1022,384,1022,383,3,0,0,0
1022,383,1022,378,3,0,0,0
1022,378,1022,366,3,0,0,0
1022,366,1022,360,3,0,0,0
1022,360,1022,351,3,0,0,0
1022,351,1022,349,3,0,0,0
1022,349,1022,349,3,0,0,0
1022,349,1022,349,3,0,0,0
1022,349,1022,350,3,0,0,0
1022,350,1022,354,3,0,0,0
1022,354,1022,361,3,0,0,0
1022,361,1021,368,3,0,0,0
1021,368,1020,375,3,0,0,0
1020,375,1018,381,3,0,0,0
1018,381,1017,386,3,0,0,0
1017,386,1014,391,3,0,0,0
1014,391,1013,392,3,0,0,0
1013,392,1009,395,3,0,0,0
1009,395,1002,397,3,0,0,0
1002,397,977,399,3,0,0,0
977,399,959,397,3,0,0,0
959,397,946,396,3,0,0,0
946,396,930,394,3,0,0,0
930,394,918,392,3,0,0,0
918,392,905,390,3,0,0,0
905,390,898,390,3,0,0,0
898,390,893,389,3,0,0,0
893,389,889,389,3,0,0,0
889,389,890,389,3,0,0,0
890,389,890,389,3,0,0,0
890,389,890,389,3,0,0,0
890,389,890,389,3,0,0,0
890,389,891,391,3,0,0,0
891,391,894,394,3,0,0,0
894,394,913,406,3,0,0,0
913,406,929,415,3,0,0,0
929,415,947,420,3,0,0,0
947,420,963,422,3,0,0,0
963,422,982,421,3,0,0,0
982,421,998,416,3,0,0,0
998,416,1013,408,3,0,0,0
1013,408,1027,398,3,0,0,0
1027,398,1037,387,3,0,0,0
1037,387,1041,381,3,0,0,0
997,419,997,419,3,0,0,0
997,419,997,419,3,0,0,0
997,419,997,419,3,0,0,0
997,419,997,419,3,0,0,0
997,419,997,419,3,0,0,0
997,419,996,422,3,0,0,0
996,422,988,460,3,0,0,0
988,460,986,469,3,0,0,0
986,469,984,481,3,0,0,0
984,481,983,485,3,0,0,0
983,485,982,489,3,0,0,0
982,489,980,494,3,0,0,0
980,494,978,498,3,0,0,0
978,498,977,501,3,0,0,0
977,501,978,500,3,0,0,0
978,500,977,500,3,0,0,0
977,500,977,502,3,0,0,0
977,502,976,503,3,0,0,0
976,503,976,505,3,0,0,0
976,505,975,506,3,0,0,0
975,506,974,508,3,0,0,0
974,508,974,509,3,0,0,0
974,509,974,511,3,0,0,0
974,511,973,512,3,0,0,0
973,512,973,513,3,0,0,0
973,513,973,515,3,0,0,0
973,515,972,516,3,0,0,0
972,516,972,517,3,0,0,0
972,517,971,518,3,0,0,0
971,518,970,519,3,0,0,0
970,519,967,520,3,0,0,0
967,520,964,521,3,0,0,0
964,521,958,521,3,0,0,0
958,521,946,520,3,0,0,0
946,520,939,520,3,0,0,0
939,520,912,516,3,0,0,0
912,516,899,514,3,0,0,0
899,514,890,512,3,0,0,0
890,512,881,512,3,0,0,0
881,512,876,512,3,0,0,0
876,512,877,512,3,0,0,0
877,512,877,512,3,0,0,0
877,512,877,512,3,0,0,0
877,512,878,513,3,0,0,0
878,513,882,515,3,0,0,0
882,515,907,521,3,0,0,0
907,521,926,523,3,0,0,0
926,523,934,523,3,0,0,0
934,523,949,525,3,0,0,0
949,525,961,525,3,0,0,0
961,525,971,525,3,0,0,0
971,525,978,525,3,0,0,0
978,525,982,524,3,0,0,0
982,524,980,524,3,0,0,0
980,524,980,524,3,0,0,0
980,524,981,524,3,0,0,0
981,524,981,522,3,0,0,0
981,522,982,519,3,0,0,0
982,519,985,495,3,0,0,0
985,495,989,475,3,0,0,0
989,475,995,457,3,0,0,0
995,457,998,440,3,0,0,0
998,440,999,434,3,0,0,0
999,434,1000,427,3,0,0,0
1000,427,1000,421,3,0,0,0
1000,421,1000,421,3,0,0,0
1000,421,1000,420,3,0,0,0
1000,420,1000,420,3,0,0,0
1000,420,1000,420,3,0,0,0
1000,420,1000,423,3,0,0,0
1000,423,1003,443,3,0,0,0
1003,443,1007,458,3,0,0,0
1007,458,1009,469,3,0,0,0
1009,469,1010,480,3,0,0,0
1010,480,1010,481,3,0,0,0
1010,481,1010,480,3,0,0,0
1010,480,1010,480,3,0,0,0
1010,480,1010,480,3,0,0,0
1010,480,1010,480,3,0,0,0
1010,480,1009,479,3,0,0,0
1009,479,1007,475,3,0,0,0
1007,475,1003,469,3,0,0,0
1003,469,997,464,3,0,0,0
997,464,991,459,3,0,0,0
991,459,984,454,3,0,0,0
984,454,975,451,3,0,0,0
975,451,970,449,3,0,0,0
970,449,941,442,3,0,0,0
941,442,926,439,3,0,0,0
926,439,911,438,3,0,0,0
911,438,900,436,3,0,0,0
900,436,895,434,3,0,0,0
895,434,889,432,3,0,0,0
889,432,889,432,3,0,0,0
889,432,889,431,3,0,0,0
889,431,889,431,3,0,0,0
889,431,889,431,3,0,0,0
889,431,891,431,3,0,0,0
891,431,923,433,3,0,0,0
923,433,944,435,3,0,0,0
944,435,957,435,3,0,0,0
957,435,983,434,3,0,0,0
983,434,1010,429,3,0,0,0
936,547,936,547,3,0,0,0
936,547,936,547,3,0,0,0
936,547,936,547,3,0,0,0
936,547,936,547,3,0,0,0
936,547,936,547,3,0,0,0
936,547,936,547,3,0,0,0
936,547,935,555,3,0,0,0
935,555,934,568,3,0,0,0
934,568,932,576,3,0,0,0
932,576,929,584,3,0,0,0
929,584,927,591,3,0,0,0
927,591,926,594,3,0,0,0
926,594,926,594,3,0,0,0
926,594,923,579,3,0,0,0
923,579,923,568,3,0,0,0
923,568,923,561,3,0,0,0
923,561,923,550,3,0,0,0
923,550,923,550,3,0,0,0
923,550,923,549,3,0,0,0
923,549,923,549,3,0,0,0
923,549,922,549,3,0,0,0
922,549,919,549,3,0,0,0
919,549,915,549,3,0,0,0
915,549,911,551,3,0,0,0
911,551,906,554,3,0,0,0
906,554,901,556,3,0,0,0
901,556,898,557,3,0,0,0
898,557,892,559,3,0,0,0
892,559,884,559,3,0,0,0
884,559,877,559,3,0,0,0
877,559,864,557,3,0,0,0
864,557,850,555,3,0,0,0
850,555,843,554,3,0,0,0
843,554,836,553,3,0,0,0
836,553,831,553,3,0,0,0
831,553,828,553,3,0,0,0
828,553,827,553,3,0,0,0
827,553,826,555,3,0,0,0
826,555,824,559,3,0,0,0
824,559,824,564,3,0,0,0
824,564,824,566,3,0,0,0
824,566,825,573,3,0,0,0
825,573,827,585,3,0,0,0
827,585,828,589,3,0,0,0
828,589,829,595,3,0,0,0
829,595,831,599,3,0,0,0
831,599,832,602,3,0,0,0
832,602,834,604,3,0,0,0
834,604,837,607,3,0,0,0
837,607,844,608,3,0,0,0
844,608,873,608,3,0,0,0
873,608,894,605,3,0,0,0
894,605,909,602,3,0,0,0
909,602,924,600,3,0,0,0
924,600,932,598,3,0,0,0
932,598,937,598,3,0,0,0
937,598,942,598,3,0,0,0
942,598,941,598,3,0,0,0
941,598,941,598,3,0,0,0
941,598,941,598,3,0,0,0
941,598,941,597,3,0,0,0
941,597,941,594,3,0,0,0
941,594,941,587,3,0,0,0
941,587,941,578,3,0,0,0
941,578,941,563,3,0,0,0
941,563,941,553,3,0,0,0
941,553,941,548,3,0,0,0
941,548,941,545,3,0,0,0
941,545,941,543,3,0,0,0
941,543,941,541,3,0,0,0
941,541,939,539,3,0,0,0
939,539,935,537,3,0,0,0
935,537,908,534,3,0,0,0
908,534,896,535,3,0,0,0
896,535,883,537,3,0,0,0
883,537,872,538,3,0,0,0
872,538,865,541,3,0,0,0
865,541,853,543,3,0,0,0
853,543,842,547,3,0,0,0
841,605,841,605,3,0,0,0
841,605,841,605,3,0,0,0
841,605,841,605,3,0,0,0
841,605,841,605,3,0,0,0
841,605,841,605,3,0,0,0
841,605,842,606,3,0,0,0
842,606,844,610,3,0,0,0
844,610,851,620,3,0,0,0
851,620,860,626,3,0,0,0
860,626,870,630,3,0,0,0
870,630,886,634,3,0,0,0
886,634,898,637,3,0,0,0
898,637,907,641,3,0,0,0
907,641,914,645,3,0,0,0
914,645,918,651,3,0,0,0
918,651,921,656,3,0,0,0
921,656,922,662,3,0,0,0
922,662,922,669,3,0,0,0
922,669,921,672,3,0,0,0
921,672,919,679,3,0,0,0
919,679,916,685,3,0,0,0
916,685,910,690,3,0,0,0
910,690,903,696,3,0,0,0
903,696,873,708,3,0,0,0
873,708,865,708,3,0,0,0
865,708,853,707,3,0,0,0
853,707,845,702,3,0,0,0
845,702,841,685,3,0,0,0
893,605,893,605,3,0,0,0
893,605,893,605,3,0,0,0
893,605,893,605,3,0,0,0
893,605,893,605,3,0,0,0
893,605,893,605,3,0,0,0
893,605,893,605,3,0,0,0
893,605,893,605,3,0,0,0
893,605,896,609,3,0,0,0
896,609,901,614,3,0,0,0
901,614,907,619,3,0,0,0
907,619,914,624,3,0,0,0
914,624,920,628,3,0,0,0
920,628,926,633,3,0,0,0
926,633,932,638,3,0,0,0
932,638,936,644,3,0,0,0
936,644,938,647,3,0,0,0
938,647,940,652,3,0,0,0
940,652,942,658,3,0,0,0
942,658,943,664,3,0,0,0
943,664,942,671,3,0,0,0
942,671,940,678,3,0,0,0
940,678,936,686,3,0,0,0
936,686,917,708,3,0,0,0
917,708,899,717,3,0,0,0
899,717,888,718,3,0,0,0
888,718,877,717,3,0,0,0
877,717,870,715,3,0,0,0
870,715,862,711,3,0,0,0
392,208,392,208,3,0,0,0
392,208,392,208,3,0,0,0
392,208,392,208,3,0,0,0
392,208,392,208,3,0,0,0
392,208,362,206,3,0,0,0
362,206,342,202,3,0,0,0
342,202,331,201,3,0,0,0
331,201,312,196,3,0,0,0
312,196,293,191,3,0,0,0
293,191,272,187,3,0,0,0
272,187,254,184,3,0,0,0
254,184,236,182,3,0,0,0
236,182,220,180,3,0,0,0
220,180,209,179,3,0,0,0
209,179,201,179,3,0,0,0
201,179,201,179,3,0,0,0
201,179,200,179,3,0,0,0
200,179,200,179,3,0,0,0
200,179,201,180,3,0,0,0
201,180,205,184,3,0,0,0
205,184,209,186,3,0,0,0
209,186,217,189,3,0,0,0
217,189,223,192,3,0,0,0
223,192,226,194,3,0,0,0
226,194,227,194,3,0,0,0
227,194,227,194,3,0,0,0
227,194,223,194,3,0,0,0
223,194,216,193,3,0,0,0
216,193,207,191,3,0,0,0
207,191,192,189,3,0,0,0
192,189,181,186,3,0,0,0
181,186,172,184,3,0,0,0
172,184,164,182,3,0,0,0
164,182,158,180,3,0,0,0
158,180,154,179,3,0,0,0
154,179,153,178,3,0,0,0
153,178,151,178,3,0,0,0
176,195,176,195,3,0,0,0
176,195,176,195,3,0,0,0
176,195,176,195,3,0,0,0
176,195,176,198,3,0,0,0
176,198,171,240,3,0,0,0
171,240,170,264,3,0,0,0
170,264,171,285,3,0,0,0
171,285,174,303,3,0,0,0
174,303,179,321,3,0,0,0
179,321,185,333,3,0,0,0
177,225,177,225,3,0,0,0
177,225,177,225,3,0,0,0
177,225,177,225,3,0,0,0
177,225,177,225,3,0,0,0
177,225,177,225,3,0,0,0
177,225,177,225,3,0,0,0
177,225,180,242,3,0,0,0
180,242,183,261,3,0,0,0
183,261,185,276,3,0,0,0
185,276,187,289,3,0,0,0
187,289,190,299,3,0,0,0
190,299,193,308,3,0,0,0
193,308,196,314,3,0,0,0
196,314,200,317,3,0,0,0
200,317,206,318,3,0,0,0
206,318,213,318,3,0,0,0
213,318,221,317,3,0,0,0
221,317,226,316,3,0,0,0
226,316,238,314,3,0,0,0
238,314,257,311,3,0,0,0
257,311,273,308,3,0,0,0
273,308,289,307,3,0,0,0
289,307,298,307,3,0,0,0
298,307,310,307,3,0,0,0
310,307,319,307,3,0,0,0
319,307,319,307,3,0,0,0
319,307,320,307,3,0,0,0
320,307,320,307,3,0,0,0
320,307,320,307,3,0,0,0
320,307,320,308,3,0,0,0
320,308,317,309,3,0,0,0
317,309,293,317,3,0,0,0
293,317,278,319,3,0,0,0
278,319,270,319,3,0,0,0
270,319,255,319,3,0,0,0
255,319,238,318,3,0,0,0
238,318,222,316,3,0,0,0
222,316,208,311,3,0,0,0
208,311,195,306,3,0,0,0
195,306,182,299,3,0,0,0
182,299,170,289,3,0,0,0
170,289,160,278,3,0,0,0
201,187,201,187,3,0,0,0
201,187,201,187,3,0,0,0
201,187,201,187,3,0,0,0
201,187,229,178,3,0,0,0
229,178,242,174,3,0,0,0
242,174,262,169,3,0,0,0
262,169,283,165,3,0,0,0
283,165,306,161,3,0,0,0
306,161,327,159,3,0,0,0
327,159,346,159,3,0,0,0
346,159,357,159,3,0,0,0
357,159,370,161,3,0,0,0
370,161,379,162,3,0,0,0
379,162,386,164,3,0,0,0
386,164,395,167,3,0,0,0
395,167,402,169,3,0,0,0
402,169,407,171,3,0,0,0
407,171,411,172,3,0,0,0
411,172,413,173,3,0,0,0
413,173,417,175,3,0,0,0
417,175,421,176,3,0,0,0
421,176,424,177,3,0,0,0
424,177,422,177,3,0,0,0
422,177,423,177,3,0,0,0
423,177,424,177,3,0,0,0
424,177,425,178,3,0,0,0
425,178,426,178,3,0,0,0
426,178,427,178,3,0,0,0
427,178,427,179,3,0,0,0
427,179,427,179,3,0,0,0
427,179,427,179,3,0,0,0
427,179,427,179,3,0,0,0
427,179,424,179,3,0,0,0
424,179,418,180,3,0,0,0
418,180,385,181,3,0,0,0
385,181,371,181,3,0,0,0
371,181,352,181,3,0,0,0
352,181,332,181,3,0,0,0
332,181,315,180,3,0,0,0
315,180,296,180,3,0,0,0
296,180,275,180,3,0,0,0
275,180,258,181,3,0,0,0
258,181,239,181,3,0,0,0
239,181,231,182,3,0,0,0
231,182,211,185,3,0,0,0
211,185,200,187,3,0,0,0
200,187,193,188,3,0,0,0
193,188,193,188,3,0,0,0
193,188,191,189,3,0,0,0
191,189,191,189,3,0,0,0
191,189,200,192,3,0,0,0
220,345,220,345,3,0,0,0
220,345,220,345,3,0,0,0
220,345,220,345,3,0,0,0
220,345,220,345,3,0,0,0
220,345,220,345,3,0,0,0
220,345,220,354,3,0,0,0
220,354,221,368,3,0,0,0
221,368,223,377,3,0,0,0
223,377,225,386,3,0,0,0
225,386,226,389,3,0,0,0
226,389,227,394,3,0,0,0
227,394,228,396,3,0,0,0
228,396,228,396,3,0,0,0
228,396,228,395,3,0,0,0
228,395,234,380,3,0,0,0
234,380,237,364,3,0,0,0
237,364,237,351,3,0,0,0
237,351,238,342,3,0,0,0
238,342,239,336,3,0,0,0
239,336,241,332,3,0,0,0
241,332,240,334,3,0,0,0
240,334,240,334,3,0,0,0
240,334,240,334,3,0,0,0
240,334,241,334,3,0,0,0
241,334,242,335,3,0,0,0
242,335,244,339,3,0,0,0
244,339,246,344,3,0,0,0
246,344,248,352,3,0,0,0
248,352,250,360,3,0,0,0
250,360,251,366,3,0,0,0
251,366,253,371,3,0,0,0
253,371,254,375,3,0,0,0
254,375,256,379,3,0,0,0
256,379,257,381,3,0,0,0
257,381,259,383,3,0,0,0
259,383,262,386,3,0,0,0
262,386,266,388,3,0,0,0
266,388,271,389,3,0,0,0
271,389,278,390,3,0,0,0
278,390,286,390,3,0,0,0
286,390,294,390,3,0,0,0
294,390,302,390,3,0,0,0
302,390,311,390,3,0,0,0
311,390,318,390,3,0,0,0
318,390,324,390,3,0,0,0
324,390,329,390,3,0,0,0
329,390,331,391,3,0,0,0
331,391,332,391,3,0,0,0
332,391,332,391,3,0,0,0
332,391,332,391,3,0,0,0
332,391,332,391,3,0,0,0
332,391,332,391,3,0,0,0
332,391,329,392,3,0,0,0
329,392,325,394,3,0,0,0
325,394,320,394,3,0,0,0
320,394,314,394,3,0,0,0
314,394,307,394,3,0,0,0
307,394,301,394,3,0,0,0
301,394,295,394,3,0,0,0
295,394,288,394,3,0,0,0
288,394,282,394,3,0,0,0
282,394,276,394,3,0,0,0
276,394,272,394,3,0,0,0
272,394,267,395,3,0,0,0
267,395,264,395,3,0,0,0
264,395,260,395,3,0,0,0
260,395,253,395,3,0,0,0
253,395,250,396,3,0,0,0
250,396,248,396,3,0,0,0
248,396,245,396,3,0,0,0
245,396,242,396,3,0,0,0
242,396,240,395,3,0,0,0
240,395,236,393,3,0,0,0
236,393,232,388,3,0,0,0
232,388,224,365,3,0,0,0
224,365,225,347,3,0,0,0
225,347,226,341,3,0,0,0
226,341,226,341,3,0,0,0
267,423,267,423,3,0,0,0
267,423,267,423,3,0,0,0
267,423,267,423,3,0,0,0
267,423,267,423,3,0,0,0
267,423,267,423,3,0,0,0
267,423,267,423,3,0,0,0
267,423,266,443,3,0,0,0
266,443,268,458,3,0,0,0
268,458,270,465,3,0,0,0
270,465,272,468,3,0,0,0
272,468,274,473,3,0,0,0
274,473,274,473,3,0,0,0
274,473,274,474,3,0,0,0
274,474,274,474,3,0,0,0
274,474,274,474,3,0,0,0
274,474,274,474,3,0,0,0
274,474,274,474,3,0,0,0
274,474,274,472,3,0,0,0
274,472,275,467,3,0,0,0
275,467,275,460,3,0,0,0
275,460,276,453,3,0,0,0
276,453,277,449,3,0,0,0
277,449,277,448,3,0,0,0
277,448,277,447,3,0,0,0
277,447,277,447,3,0,0,0
277,447,278,448,3,0,0,0
278,448,280,451,3,0,0,0
280,451,283,456,3,0,0,0
283,456,286,462,3,0,0,0
286,462,287,469,3,0,0,0
287,469,289,473,3,0,0,0
289,473,290,477,3,0,0,0
290,477,291,479,3,0,0,0
291,479,293,480,3,0,0,0
293,480,314,479,3,0,0,0
314,479,328,475,3,0,0,0
328,475,328,475,3,0,0,0
304,523,304,523,3,0,0,0
304,523,304,523,3,0,0,0
304,523,304,523,3,0,0,0
304,523,304,523,3,0,0,0
304,523,304,523,3,0,0,0
304,523,305,522,3,0,0,0
305,522,308,519,3,0,0,0
308,519,309,517,3,0,0,0
309,517,310,516,3,0,0,0
310,516,310,516,3,0,0,0
310,516,311,515,3,0,0,0
311,515,311,515,3,0,0,0
311,515,311,515,3,0,0,0
311,515,312,515,3,0,0,0
312,515,313,515,3,0,0,0
313,515,314,516,3,0,0,0
314,516,315,519,3,0,0,0
315,519,317,522,3,0,0,0
317,522,319,527,3,0,0,0
319,527,320,532,3,0,0,0
320,532,322,537,3,0,0,0
322,537,323,541,3,0,0,0
323,541,324,544,3,0,0,0
324,544,325,547,3,0,0,0
325,547,326,550,3,0,0,0
326,550,327,551,3,0,0,0
327,551,328,554,3,0,0,0
328,554,328,555,3,0,0,0
328,555,329,556,3,0,0,0
329,556,331,557,3,0,0,0
331,557,333,558,3,0,0,0
333,558,337,559,3,0,0,0
337,559,342,559,3,0,0,0
342,559,345,559,3,0,0,0
345,559,348,560,3,0,0,0
348,560,350,560,3,0,0,0
350,560,351,560,3,0,0,0
351,560,353,561,3,0,0,0
353,561,354,561,3,0,0,0
354,561,354,561,3,0,0,0
354,561,354,561,3,0,0,0
354,561,354,561,3,0,0,0
354,561,354,561,3,0,0,0
354,561,354,561,3,0,0,0
354,561,354,561,3,0,0,0
354,561,353,562,3,0,0,0
353,562,351,563,3,0,0,0
351,563,348,563,3,0,0,0
348,563,345,563,3,0,0,0
345,563,343,563,3,0,0,0
343,563,341,563,3,0,0,0
341,563,339,563,3,0,0,0
339,563,338,563,3,0,0,0
338,563,337,563,3,0,0,0
337,563,337,563,3,0,0,0
337,563,337,563,3,0,0,0
337,563,337,563,3,0,0,0
337,563,337,563,3,0,0,0
337,563,340,564,3,0,0,0
340,564,343,566,3,0,0,0
343,566,347,568,3,0,0,0
347,568,350,569,3,0,0,0
350,569,356,571,3,0,0,0
357,576,357,576,3,0,0,0
357,576,357,576,3,0,0,0
357,576,357,576,3,0,0,0
357,576,357,576,3,0,0,0
357,576,357,576,3,0,0,0
357,576,355,577,3,0,0,0
355,577,354,584,3,0,0,0
354,584,353,591,3,0,0,0
353,591,353,597,3,0,0,0
353,597,353,601,3,0,0,0
353,601,353,605,3,0,0,0
353,605,353,608,3,0,0,0
353,608,354,611,3,0,0,0
354,611,355,611,3,0,0,0
355,611,357,613,3,0,0,0
357,613,360,614,3,0,0,0
360,614,364,614,3,0,0,0
364,614,368,614,3,0,0,0
368,614,371,614,3,0,0,0
351,627,351,627,3,0,0,0
351,627,351,627,3,0,0,0
351,627,351,627,3,0,0,0
351,627,351,627,3,0,0,0
351,627,351,627,3,0,0,0
351,627,351,627,3,0,0,0
351,627,351,627,3,0,0,0
351,627,350,631,3,0,0,0
350,631,349,635,3,0,0,0
349,635,347,638,3,0,0,0
347,638,345,641,3,0,0,0
345,641,343,644,3,0,0,0
343,644,340,646,3,0,0,0
340,646,336,648,3,0,0,0
336,648,334,649,3,0,0,0
334,649,329,651,3,0,0,0
329,651,323,653,3,0,0,0
366,625,366,625,3,0,0,0
366,625,366,625,3,0,0,0
366,625,366,625,3,0,0,0
366,625,366,625,3,0,0,0
366,625,366,625,3,0,0,0
366,625,363,628,3,0,0,0
363,628,358,635,3,0,0,0
358,635,356,637,3,0,0,0
356,637,351,642,3,0,0,0
351,642,347,646,3,0,0,0
347,646,342,649,3,0,0,0
342,649,337,651,3,0,0,0
337,651,331,651,3,0,0,0
331,651,325,651,3,0,0,0
325,651,320,650,3,0,0,0
320,650,314,646,3,0,0,0
314,646,308,642,3,0,0,0
308,642,303,636,3,0,0,0
303,636,299,631,3,0,0,0
299,631,297,627,3,0,0,0
297,627,295,624,3,0,0,0
295,624,293,622,3,0,0,0
293,622,293,621,3,0,0,0
293,621,292,621,3,0,0,0
292,621,292,621,3,0,0,0
292,621,291,623,3,0,0,0
291,623,290,627,3,0,0,0
290,627,290,634,3,0,0,0
290,634,292,642,3,0,0,0
292,642,295,651,3,0,0,0
295,651,300,660,3,0,0,0
300,660,307,667,3,0,0,0
307,667,314,672,3,0,0,0
314,672,321,676,3,0,0,0
321,676,328,678,3,0,0,0
328,678,335,679,3,0,0,0
335,679,339,678,3,0,0,0
339,678,345,676,3,0,0,0
345,676,351,671,3,0,0,0
351,671,357,665,3,0,0,0
357,665,362,659,3,0,0,0
362,659,366,653,3,0,0,0
366,653,368,647,3,0,0,0
368,647,370,643,3,0,0,0
370,643,371,641,3,0,0,0
371,641,372,640,3,0,0,0
372,640,372,639,3,0,0,0
372,639,372,639,3,0,0,0
372,639,372,639,3,0,0,0
372,639,372,639,3,0,0,0
372,639,372,639,3,0,0,0
372,639,372,639,3,0,0,0
372,639,372,639,3,0,0,0
372,639,372,641,3,0,0,0
372,641,372,645,3,0,0,0
372,645,370,651,3,0,0,0
370,651,369,658,3,0,0,0
369,658,367,667,3,0,0,0
367,667,366,676,3,0,0,0
366,676,366,685,3,0,0,0
366,685,366,697,3,0,0,0
366,697,367,704,3,0,0,0
367,704,369,713,3,0,0,0
369,713,371,718,3,0,0,0
371,718,374,723,3,0,0,0
374,723,377,727,3,0,0,0
377,727,378,729,3,0,0,0
378,729,379,730,3,0,0,0
379,730,380,731,3,0,0,0
380,731,380,731,3,0,0,0
380,731,380,731,3,0,0,0
380,731,381,730,3,0,0,0
381,730,381,726,3,0,0,0
381,726,381,695,3,0,0,0
381,695,380,688,3,0,0,0
380,688,382,670,3,0,0,0
382,670,385,654,3,0,0,0
385,654,390,641,3,0,0,0
834,191,834,191,3,0,0,0
834,191,834,191,3,0,0,0
834,191,834,191,3,0,0,0
834,191,834,191,3,0,0,0
834,191,834,191,3,0,0,0
834,191,835,194,3,0,0,0
835,194,858,205,3,0,0,0
858,205,877,209,3,0,0,0
877,209,897,209,3,0,0,0
897,209,919,210,3,0,0,0
919,210,941,211,3,0,0,0
941,211,963,211,3,0,0,0
963,211,985,209,3,0,0,0
985,209,1003,208,3,0,0,0
1003,208,1014,206,3,0,0,0
1014,206,1022,205,3,0,0,0
1022,205,1027,204,3,0,0,0
1027,204,1025,204,3,0,0,0
1025,204,1026,204,3,0,0,0
1026,204,1026,204,3,0,0,0
1026,204,1026,203,3,0,0,0
1026,203,1026,203,3,0,0,0
1026,203,1027,201,3,0,0,0
1027,201,1026,199,3,0,0,0
1026,199,1023,196,3,0,0,0
1023,196,1019,192,3,0,0,0
1019,192,1014,190,3,0,0,0
1014,190,1007,187,3,0,0,0
1007,187,999,185,3,0,0,0
999,185,985,184,3,0,0,0
985,184,969,182,3,0,0,0
969,182,944,179,3,0,0,0
944,179,926,179,3,0,0,0
926,179,905,180,3,0,0,0
905,180,887,182,3,0,0,0
887,182,867,185,3,0,0,0
867,185,845,188,3,0,0,0
845,188,838,189,3,0,0,0
838,189,822,191,3,0,0,0
822,191,813,192,3,0,0,0
813,192,808,193,3,0,0,0
808,193,804,195,3,0,0,0
804,195,802,196,3,0,0,0
1044,202,1044,202,3,0,0,0
1044,202,1044,202,3,0,0,0
1044,202,1044,202,3,0,0,0
1044,202,1044,202,3,0,0,0
1044,202,1044,202,3,0,0,0
1044,202,1044,202,3,0,0,0
1044,202,1044,202,3,0,0,0
1044,202,1044,202,3,0,0,0
1044,202,1044,202,3,0,0,0
1044,202,1043,202,3,0,0,0
1043,202,1043,204,3,0,0,0
1043,204,1043,205,3,0,0,0
1043,205,1042,205,3,0,0,0
1042,205,1018,210,3,0,0,0
1018,210,1002,210,3,0,0,0
1002,210,984,210,3,0,0,0
984,210,963,210,3,0,0,0
963,210,947,210,3,0,0,0
947,210,929,208,3,0,0,0
929,208,914,206,3,0,0,0
914,206,898,204,3,0,0,0
898,204,884,203,3,0,0,0
884,203,870,203,3,0,0,0
870,203,855,202,3,0,0,0
251,181,251,181,3,0,0,0
251,181,251,181,3,0,0,0
251,181,251,181,3,0,0,0
251,181,251,181,3,0,0,0
251,181,247,181,3,0,0,0
247,181,234,183,3,0,0,0
234,183,225,187,3,0,0,0
225,187,219,191,3,0,0,0
219,191,215,195,3,0,0,0
215,195,213,198,3,0,0,0
213,198,213,200,3,0,0,0
213,200,213,202,3,0,0,0
213,202,215,204,3,0,0,0
215,204,219,206,3,0,0,0
219,206,226,208,3,0,0,0
226,208,235,210,3,0,0,0
235,210,243,210,3,0,0,0
243,210,260,210,3,0,0,0
260,210,288,210,3,0,0,0
288,210,301,209,3,0,0,0
301,209,316,207,3,0,0,0
316,207,329,206,3,0,0,0
329,206,343,204,3,0,0,0
343,204,355,204,3,0,0,0
355,204,367,202,3,0,0,0
367,202,378,201,3,0,0,0
378,201,387,199,3,0,0,0
387,199,397,197,3,0,0,0
397,197,405,196,3,0,0,0
405,196,408,195,3,0,0,0
408,195,411,194,3,0,0,0
411,194,414,192,3,0,0,0
414,192,417,191,3,0,0,0
417,191,416,191,3,0,0,0
416,191,416,191,3,0,0,0
416,191,416,191,3,0,0,0
416,191,417,190,3,0,0,0
417,190,417,189,3,0,0,0
417,189,416,188,3,0,0,0
416,188,414,186,3,0,0,0
414,186,410,183,3,0,0,0
410,183,403,181,3,0,0,0
403,181,394,180,3,0,0,0
394,180,389,179,3,0,0,0
389,179,357,178,3,0,0,0
357,178,324,183,3,0,0,0
324,183,310,184,3,0,0,0
310,184,296,183,3,0,0,0
296,183,280,183,3,0,0,0
280,183,267,182,3,0,0,0
267,182,255,182,3,0,0,0
255,182,234,186,3,0,0,0
234,186,207,196,3,0,0,0
638,762,638,762,3,0,0,0
638,762,638,762,3,0,0,0
638,762,638,762,3,0,0,0
638,762,638,762,3,0,0,0
600,763,600,763,3,0,0,0
600,763,600,763,3,0,0,0
600,763,600,763,3,0,0,0
600,763,600,763,3,0,0,0
600,763,600,763,3,0,0,0
600,763,599,763,3,0,0,0
599,763,599,770,3,0,0,0
599,770,598,774,3,0,0,0
598,774,598,787,3,0,0,0
598,787,597,801,3,0,0,0
597,801,596,812,3,0,0,0
596,812,595,821,3,0,0,0
595,821,595,825,3,0,0,0
595,825,595,826,3,0,0,0
588,768,588,768,3,0,0,0
588,768,588,768,3,0,0,0
588,768,588,768,3,0,0,0
588,768,588,768,3,0,0,0
588,768,588,768,3,0,0,0
588,768,588,770,3,0,0,0
588,770,584,806,3,0,0,0
584,806,583,819,3,0,0,0
583,819,581,831,3,0,0,0
581,831,581,831,3,0,0,0
581,831,581,832,3,0,0,0
587,768,587,768,3,0,0,0
587,768,587,768,3,0,0,0
587,768,587,768,3,0,0,0
587,768,587,768,3,0,0,0
587,768,587,768,3,0,0,0
587,768,587,770,3,0,0,0
587,770,588,786,3,0,0,0
588,786,588,796,3,0,0,0
588,796,587,802,3,0,0,0
587,802,586,807,3,0,0,0
586,807,584,812,3,0,0,0
584,812,583,817,3,0,0,0
583,817,582,819,3,0,0,0
582,819,579,823,3,0,0,0
579,823,577,827,3,0,0,0
577,827,574,829,3,0,0,0
574,829,570,832,3,0,0,0
570,832,565,834,3,0,0,0
565,834,559,836,3,0,0,0
559,836,553,837,3,0,0,0
553,837,545,837,3,0,0,0
545,837,537,837,3,0,0,0
537,837,530,836,3,0,0,0
530,836,522,835,3,0,0,0
522,835,515,834,3,0,0,0
515,834,510,833,3,0,0,0
510,833,505,832,3,0,0,0
505,832,503,832,3,0,0,0
503,832,501,832,3,0,0,0
501,832,501,832,3,0,0,0
813,690,813,690,3,0,0,0
786,694,786,694,3,0,0,0
786,694,786,694,3,0,0,0
786,694,786,694,3,0,0,0
786,694,786,694,3,0,0,0
786,694,786,696,3,0,0,0
786,696,782,727,3,0,0,0
782,727,778,750,3,0,0,0
778,750,773,773,3,0,0,0
773,773,769,791,3,0,0,0
769,791,767,800,3,0,0,0
767,800,764,809,3,0,0,0
764,809,762,815,3,0,0,0
762,815,762,815,3,0,0,0
762,815,761,817,3,0,0,0
761,817,761,817,3,0,0,0
761,817,761,811,3,0,0,0
798,687,798,687,3,0,0,0
798,687,798,687,3,0,0,0
798,687,798,687,3,0,0,0
798,687,798,687,3,0,0,0
798,687,796,690,3,0,0,0
796,690,781,739,3,0,0,0
781,739,775,764,3,0,0,0
775,764,770,790,3,0,0,0
770,790,767,811,3,0,0,0
767,811,766,828,3,0,0,0
766,828,766,834,3,0,0,0
766,834,767,835,3,0,0,0
767,835,770,835,3,0,0,0
783,749,783,749,3,0,0,0
783,749,783,749,3,0,0,0
783,749,783,749,3,0,0,0
783,749,783,749,3,0,0,0
783,749,783,749,3,0,0,0
783,749,781,760,3,0,0,0
781,760,778,797,3,0,0,0
778,797,778,806,3,0,0,0
778,806,778,814,3,0,0,0
778,814,779,825,3,0,0,0
779,825,781,831,3,0,0,0
781,831,785,837,3,0,0,0
785,837,789,843,3,0,0,0
789,843,794,847,3,0,0,0
794,847,799,851,3,0,0,0
799,851,806,854,3,0,0,0
806,854,812,857,3,0,0,0
812,857,818,860,3,0,0,0
818,860,823,862,3,0,0,0
823,862,825,863,3,0,0,0
825,863,824,862,3,0,0,0
824,862,825,863,3,0,0,0
825,863,825,863,3,0,0,0
825,863,825,863,3,0,0,0
825,863,825,863,3,0,0,0
825,863,825,863,3,0,0,0
825,863,825,863,3,0,0,0
825,863,822,863,3,0,0,0
822,863,818,863,3,0,0,0
818,863,810,862,3,0,0,0
810,862,801,859,3,0,0,0
801,859,792,856,3,0,0,0
792,856,787,854,3,0,0,0
787,854,777,850,3,0,0,0
777,850,768,845,3,0,0,0
768,845,762,840,3,0,0,0
762,840,757,837,3,0,0,0
757,837,755,835,3,0,0,0
755,835,755,834,3,0,0,0
755,834,755,834,3,0,0,0
755,834,757,835,3,0,0,0
757,835,782,844,3,0,0,0
782,844,794,851,3,0,0,0
794,851,807,857,3,0,0,0
807,857,819,861,3,0,0,0
819,861,824,862,3,0,0,0
824,862,836,864,3,0,0,0
836,864,845,863,3,0,0,0
845,863,853,860,3,0,0,0
785,689,785,689,3,0,0,0
785,689,785,689,3,0,0,0
785,689,785,689,3,0,0,0
785,689,785,689,3,0,0,0
785,689,785,689,3,0,0,0
785,689,785,689,3,0,0,0
785,689,776,691,3,0,0,0
776,691,764,704,3,0,0,0
764,704,756,713,3,0,0,0
756,713,748,720,3,0,0,0
748,720,739,728,3,0,0,0
739,728,730,737,3,0,0,0
730,737,721,745,3,0,0,0
721,745,711,753,3,0,0,0
711,753,707,757,3,0,0,0
707,757,699,764,3,0,0,0
699,764,692,771,3,0,0,0
692,771,685,777,3,0,0,0
685,777,678,783,3,0,0,0
678,783,672,789,3,0,0,0
672,789,666,795,3,0,0,0
666,795,661,800,3,0,0,0
661,800,656,804,3,0,0,0
656,804,651,808,3,0,0,0
651,808,647,812,3,0,0,0
647,812,643,815,3,0,0,0
643,815,641,816,3,0,0,0
641,816,639,818,3,0,0,0
639,818,637,818,3,0,0,0
637,818,635,819,3,0,0,0
635,819,633,820,3,0,0,0
633,820,631,820,3,0,0,0
631,820,629,820,3,0,0,0
629,820,627,820,3,0,0,0
627,820,625,819,3,0,0,0
625,819,623,817,3,0,0,0
623,817,620,814,3,0,0,0
620,814,616,810,3,0,0,0
616,810,613,803,3,0,0,0
613,803,609,796,3,0,0,0
609,796,606,790,3,0,0,0
606,790,604,786,3,0,0,0
604,786,602,783,3,0,0,0
628,756,628,756,3,0,0,0
628,756,628,756,3,0,0,0
628,756,628,756,3,0,0,0
628,756,628,756,3,0,0,0
628,756,628,756,3,0,0,0
628,756,624,785,3,0,0,0
624,785,623,797,3,0,0,0
623,797,621,807,3,0,0,0
621,807,621,815,3,0,0,0
621,815,621,819,3,0,0,0
621,819,621,818,3,0,0,0
621,818,621,818,3,0,0,0
652,749,652,749,3,0,0,0
652,749,652,749,3,0,0,0
652,749,652,749,3,0,0,0
652,749,652,749,3,0,0,0
652,749,652,749,3,0,0,0
652,749,651,752,3,0,0,0
651,752,649,768,3,0,0,0
649,768,644,797,3,0,0,0
644,797,643,805,3,0,0,0
643,805,643,808,3,0,0,0
643,808,643,807,3,0,0,0
691,723,691,723,3,0,0,0
691,723,691,723,3,0,0,0
691,723,691,723,3,0,0,0
691,723,691,723,3,0,0,0
691,723,691,723,3,0,0,0
691,723,689,732,3,0,0,0
689,732,683,762,3,0,0,0
683,762,679,776,3,0,0,0
679,776,677,781,3,0,0,0
677,781,675,786,3,0,0,0
720,696,720,696,3,0,0,0
720,696,720,696,3,0,0,0
720,696,720,696,3,0,0,0
720,696,720,696,3,0,0,0
720,696,718,705,3,0,0,0
718,705,712,742,3,0,0,0
712,742,710,750,3,0,0,0
710,750,709,757,3,0,0,0
709,757,709,762,3,0,0,0
735,682,735,682,3,0,0,0
735,682,735,682,3,0,0,0
735,682,735,682,3,0,0,0
735,682,735,682,3,0,0,0
735,682,735,682,3,0,0,0
735,682,735,682,3,0,0,0
735,682,733,701,3,0,0,0
733,701,731,719,3,0,0,0
731,719,727,736,3,0,0,0
727,736,726,744,3,0,0,0
495,516,495,516,3,0,0,0
495,516,495,516,3,0,0,0
495,516,495,516,3,0,0,0
495,516,495,516,3,0,0,0
495,516,495,516,3,0,0,0
495,516,494,516,3,0,0,0
494,516,493,516,3,0,0,0
493,516,491,516,3,0,0,0
491,516,490,516,3,0,0,0
490,516,489,516,3,0,0,0
489,516,489,516,3,0,0,0
489,516,488,515,3,0,0,0
488,515,488,514,3,0,0,0
488,514,488,511,3,0,0,0
488,511,488,508,3,0,0,0
488,508,490,505,3,0,0,0
490,505,491,502,3,0,0,0
491,502,493,500,3,0,0,0
493,500,494,500,3,0,0,0
494,500,496,499,3,0,0,0
496,499,497,499,3,0,0,0
497,499,499,500,3,0,0,0
499,500,501,501,3,0,0,0
501,501,503,502,3,0,0,0
503,502,504,504,3,0,0,0
504,504,506,505,3,0,0,0
506,505,506,507,3,0,0,0
506,507,507,507,3,0,0,0
507,507,507,507,3,0,0,0
507,507,507,507,3,0,0,0
507,507,507,507,3,0,0,0
507,507,507,507,3,0,0,0
507,507,506,505,3,0,0,0
506,505,504,504,3,0,0,0
504,504,502,502,3,0,0,0
502,502,498,501,3,0,0,0
498,501,494,501,3,0,0,0
494,501,492,502,3,0,0,0
492,502,491,502,3,0,0,0
689,500,689,500,3,0,0,0
689,500,689,500,3,0,0,0
689,500,689,500,3,0,0,0
689,500,689,500,3,0,0,0
689,500,689,500,3,0,0,0
689,500,689,500,3,0,0,0
689,500,689,500,3,0,0,0
689,500,689,500,3,0,0,0
689,500,688,498,3,0,0,0
688,498,688,496,3,0,0,0
688,496,689,493,3,0,0,0
689,493,690,491,3,0,0,0
690,491,691,490,3,0,0,0
691,490,693,488,3,0,0,0
693,488,695,487,3,0,0,0
695,487,697,487,3,0,0,0
697,487,700,486,3,0,0,0
700,486,702,486,3,0,0,0
702,486,704,487,3,0,0,0
704,487,706,488,3,0,0,0
706,488,708,489,3,0,0,0
708,489,709,490,3,0,0,0
709,490,710,491,3,0,0,0
710,491,710,491,3,0,0,0
710,491,711,491,3,0,0,0
711,491,711,491,3,0,0,0
711,491,711,491,3,0,0,0
711,491,711,491,3,0,0,0
711,491,710,489,3,0,0,0
710,489,708,487,3,0,0,0
708,487,706,485,3,0,0,0
706,485,704,484,3,0,0,0
704,484,700,482,3,0,0,0
700,482,697,481,3,0,0,0
697,481,694,481,3,0,0,0
694,481,691,482,3,0,0,0
691,482,687,484,3,0,0,0
687,484,684,487,3,0,0,0
684,487,682,490,3,0,0,0
682,490,681,492,3,0,0,0
681,492,680,494,3,0,0,0
482,488,482,488,3,0,0,0
482,488,482,488,3,0,0,0
482,488,482,488,3,0,0,0
482,488,482,488,3,0,0,0
482,488,482,488,3,0,0,0
482,488,482,488,3,0,0,0
482,488,482,488,3,0,0,0
482,488,482,488,3,0,0,0
482,488,482,488,3,0,0,0
482,488,482,488,3,0,0,0
482,488,482,488,3,0,0,0
482,488,482,487,3,0,0,0
482,487,482,488,3,0,0,0
482,488,483,492,3,0,0,0
483,492,484,495,3,0,0,0
484,495,485,497,3,0,0,0
485,497,485,499,3,0,0,0
485,499,485,499,3,0,0,0
485,499,485,499,3,0,0,0
485,499,485,499,3,0,0,0
485,499,485,497,3,0,0,0
485,497,484,494,3,0,0,0
484,494,484,491,3,0,0,0
484,491,484,489,3,0,0,0
484,489,484,488,3,0,0,0
484,488,484,488,3,0,0,0
484,488,484,488,3,0,0,0
484,488,484,488,3,0,0,0
484,488,485,488,3,0,0,0
485,488,487,489,3,0,0,0
487,489,489,491,3,0,0,0
489,491,491,493,3,0,0,0
491,493,493,494,3,0,0,0
493,494,495,495,3,0,0,0
495,495,495,496,3,0,0,0
495,496,495,496,3,0,0,0
495,496,496,496,3,0,0,0
684,475,684,475,3,0,0,0
684,475,684,475,3,0,0,0
684,475,684,475,3,0,0,0
684,475,684,475,3,0,0,0
684,475,684,475,3,0,0,0
684,475,684,475,3,0,0,0
684,475,684,475,3,0,0,0
684,475,684,475,3,0,0,0
684,475,684,475,3,0,0,0
684,475,683,475,3,0,0,0
683,475,683,477,3,0,0,0
683,477,682,480,3,0,0,0
682,480,682,483,3,0,0,0
682,483,682,485,3,0,0,0
682,485,682,487,3,0,0,0
682,487,682,487,3,0,0,0
682,487,682,488,3,0,0,0
682,488,682,488,3,0,0,0
682,488,682,488,3,0,0,0
682,488,682,488,3,0,0,0
682,488,682,487,3,0,0,0
682,487,681,484,3,0,0,0
681,484,681,480,3,0,0,0
681,480,681,477,3,0,0,0
681,477,681,476,3,0,0,0
681,476,681,475,3,0,0,0
681,475,681,475,3,0,0,0
681,475,681,475,3,0,0,0
681,475,682,475,3,0,0,0
682,475,683,475,3,0,0,0
683,475,684,476,3,0,0,0
684,476,686,478,3,0,0,0
686,478,687,479,3,0,0,0
687,479,688,480,3,0,0,0
688,480,689,480,3,0,0,0
689,480,690,481,3,0,0,0
690,481,690,480,3,0,0,0
690,480,691,479,3,0,0,0
691,479,692,476,3,0,0,0
692,476,693,475,3,0,0,0
693,475,693,474,3,0,0,0
693,474,693,474,3,0,0,0
693,474,693,474,3,0,0,0
693,474,693,474,3,0,0,0
693,474,693,474,3,0,0,0
693,474,694,474,3,0,0,0
694,474,696,476,3,0,0,0
696,476,697,478,3,0,0,0
697,478,699,479,3,0,0,0
699,479,700,480,3,0,0,0
700,480,700,481,3,0,0,0
700,481,701,481,3,0,0,0
701,481,701,481,3,0,0,0
701,481,702,480,3,0,0,0
702,480,702,480,3,0,0,0
702,480,702,479,3,0,0,0
702,479,702,479,3,0,0,0
702,479,702,479,3,0,0,0
702,479,702,479,3,0,0,0
702,479,703,480,3,0,0,0
703,480,705,481,3,0,0,0
705,481,707,482,3,0,0,0
707,482,709,484,3,0,0,0
709,484,711,485,3,0,0,0
711,485,711,485,3,0,0,0
711,485,712,485,3,0,0,0
712,485,712,486,3,0,0,0
712,486,712,486,3,0,0,0
712,486,712,485,3,0,0,0
712,485,710,481,3,0,0,0
710,481,709,479,3,0,0,0
709,479,706,475,3,0,0,0
706,475,703,471,3,0,0,0
703,471,699,467,3,0,0,0
699,467,696,465,3,0,0,0
696,465,693,463,3,0,0,0
693,463,691,463,3,0,0,0
691,463,690,463,3,0,0,0
690,463,688,464,3,0,0,0
688,464,686,465,3,0,0,0
686,465,685,466,3,0,0,0
685,466,684,467,3,0,0,0
684,467,683,467,3,0,0,0
683,467,683,467,3,0,0,0
683,467,680,467,3,0,0,0
680,467,678,466,3,0,0,0
678,466,676,465,3,0,0,0
701,488,701,488,3,0,0,0
701,488,701,488,3,0,0,0
701,488,701,488,3,0,0,0
701,488,701,488,3,0,0,0
701,488,701,488,3,0,0,0
701,488,701,488,3,0,0,0
701,488,701,488,3,0,0,0
701,488,701,488,3,0,0,0
701,488,701,488,3,0,0,0
701,488,701,488,3,0,0,0
701,488,702,489,3,0,0,0
702,489,704,491,3,0,0,0
704,491,706,494,3,0,0,0
706,494,708,497,3,0,0,0
708,497,711,500,3,0,0,0
502,493,502,493,3,0,0,0
502,493,502,493,3,0,0,0
502,493,502,493,3,0,0,0
502,493,502,493,3,0,0,0
502,493,502,493,3,0,0,0
502,493,502,493,3,0,0,0
502,493,502,493,3,0,0,0
502,493,503,492,3,0,0,0
503,492,504,494,3,0,0,0
504,494,506,495,3,0,0,0
506,495,507,496,3,0,0,0
507,496,508,498,3,0,0,0
508,498,510,501,3,0,0,0
510,501,511,504,3,0,0,0
511,504,513,507,3,0,0,0
513,507,513,510,3,0,0,0
513,510,514,514,3,0,0,0
514,514,514,517,3,0,0,0
514,517,514,519,3,0,0,0
514,519,514,521,3,0,0,0
492,526,492,526,3,0,0,0
492,526,492,526,3,0,0,0
492,526,492,526,3,0,0,0
492,526,492,526,3,0,0,0
492,526,492,526,3,0,0,0
492,526,492,526,3,0,0,0
492,526,492,526,3,0,0,0
492,526,492,526,3,0,0,0
492,526,492,526,3,0,0,0
492,526,494,526,3,0,0,0
494,526,497,527,3,0,0,0
497,527,501,527,3,0,0,0
501,527,504,527,3,0,0,0
504,527,508,526,3,0,0,0
692,505,692,505,3,0,0,0
692,505,692,505,3,0,0,0
692,505,692,505,3,0,0,0
692,505,692,505,3,0,0,0
692,505,692,505,3,0,0,0
692,505,692,505,3,0,0,0
692,505,692,505,3,0,0,0
692,505,695,506,3,0,0,0
695,506,699,507,3,0,0,0
699,507,704,507,3,0,0,0
501,524,501,524,3,0,0,0
501,524,501,524,3,0,0,0
501,524,501,524,3,0,0,0
501,524,501,524,3,0,0,0
501,524,501,524,3,0,0,0
501,524,501,524,3,0,0,0
501,524,501,524,3,0,0,0
501,524,501,524,3,0,0,0
501,524,501,524,3,0,0,0
501,524,501,524,3,0,0,0
501,524,502,524,3,0,0,0
502,524,504,526,3,0,0,0
504,526,508,527,3,0,0,0
508,527,511,527,3,0,0,0
511,527,514,527,3,0,0,0
514,527,516,527,3,0,0,0
516,527,517,526,3,0,0,0
517,526,517,526,3,0,0,0
517,526,517,526,3,0,0,0
517,526,517,526,3,0,0,0
517,526,517,526,3,0,0,0
517,526,516,525,3,0,0,0
516,525,514,524,3,0,0,0
514,524,512,523,3,0,0,0
512,523,509,522,3,0,0,0
509,522,507,522,3,0,0,0
507,522,505,522,3,0,0,0
505,522,504,522,3,0,0,0
504,522,504,522,3,0,0,0
504,522,504,522,3,0,0,0
684,501,684,501,3,0,0,0
684,501,684,501,3,0,0,0
684,501,684,501,3,0,0,0
684,501,684,501,3,0,0,0
684,501,684,501,3,0,0,0
684,501,683,503,3,0,0,0
683,503,684,508,3,0,0,0
684,508,685,512,3,0,0,0
685,512,687,515,3,0,0,0
687,515,688,517,3,0,0,0
688,517,689,519,3,0,0,0
689,519,690,519,3,0,0,0
690,519,690,519,3,0,0,0
690,519,690,519,3,0,0,0
690,519,690,518,3,0,0,0
690,518,690,517,3,0,0,0
690,517,689,515,3,0,0,0
689,515,688,513,3,0,0,0
688,513,687,512,3,0,0,0
687,512,687,511,3,0,0,0
687,511,687,511,3,0,0,0
687,511,687,511,3,0,0,0
687,511,687,511,3,0,0,0
687,511,687,511,3,0,0,0
687,511,689,511,3,0,0,0
689,511,693,512,3,0,0,0
693,512,696,513,3,0,0,0
696,513,700,513,3,0,0,0
700,513,702,513,3,0,0,0
702,513,704,513,3,0,0,0
704,513,705,513,3,0,0,0
705,513,707,513,3,0,0,0
707,513,709,513,3,0,0,0
709,513,710,513,3,0,0,0
710,513,711,513,3,0,0,0
711,513,711,513,3,0,0,0
711,513,711,513,3,0,0,0
711,513,711,513,3,0,0,0
711,513,711,513,3,0,0,0
711,513,711,513,3,0,0,0
711,513,711,513,3,0,0,0
711,513,711,513,3,0,0,0
711,513,711,513,3,0,0,0
711,513,709,513,3,0,0,0
737,514,737,514,3,0,0,0
737,514,737,514,3,0,0,0
737,514,737,514,3,0,0,0
737,514,737,514,3,0,0,0
737,514,737,514,3,0,0,0
728,514,728,514,3,0,0,0
728,514,728,514,3,0,0,0
728,514,728,514,3,0,0,0
728,514,728,514,3,0,0,0
728,514,728,514,3,0,0,0
728,514,728,514,3,0,0,0
728,514,728,514,3,0,0,0
728,514,728,514,3,0,0,0
728,514,727,514,3,0,0,0
727,514,725,515,3,0,0,0
725,515,721,516,3,0,0,0
721,516,717,518,3,0,0,0
717,518,712,520,3,0,0,0
712,520,707,522,3,0,0,0
707,522,701,524,3,0,0,0
701,524,696,525,3,0,0,0
696,525,692,526,3,0,0,0
692,526,689,527,3,0,0,0
689,527,687,527,3,0,0,0
687,527,686,527,3,0,0,0
686,527,686,527,3,0,0,0
686,527,686,527,3,0,0,0
686,527,686,527,3,0,0,0
686,527,686,527,3,0,0,0
686,527,686,527,3,0,0,0
686,527,686,527,3,0,0,0
686,527,687,526,3,0,0,0
687,526,690,525,3,0,0,0
690,525,695,524,3,0,0,0
695,524,700,521,3,0,0,0
700,521,705,519,3,0,0,0
705,519,709,516,3,0,0,0
709,516,713,514,3,0,0,0
713,514,716,512,3,0,0,0
716,512,718,511,3,0,0,0
718,511,720,510,3,0,0,0
720,510,720,510,3,0,0,0
720,510,722,508,3,0,0,0
466,545,466,545,3,0,0,0
466,545,466,545,3,0,0,0
466,545,466,545,3,0,0,0
466,545,466,545,3,0,0,0
466,545,466,545,3,0,0,0
706,761,706,761,3,0,0,0
706,761,706,761,3,0,0,0
706,761,706,761,3,0,0,0
706,761,706,761,3,0,0,0
706,761,706,761,3,0,0,0
706,761,704,763,3,0,0,0
704,763,694,794,3,0,0,0
694,794,686,808,3,0,0,0
686,808,678,823,3,0,0,0
678,823,671,835,3,0,0,0
671,835,666,843,3,0,0,0
666,843,661,852,3,0,0,0
661,852,657,858,3,0,0,0
657,858,654,863,3,0,0,0
654,863,651,867,3,0,0,0
651,867,650,869,3,0,0,0
650,869,648,872,3,0,0,0
648,872,645,877,3,0,0,0
645,877,643,881,3,0,0,0
643,881,640,885,3,0,0,0
640,885,638,889,3,0,0,0
638,889,636,891,3,0,0,0
636,891,633,894,3,0,0,0
633,894,634,894,3,0,0,0
634,894,633,894,3,0,0,0
633,894,633,895,3,0,0,0
633,895,632,895,3,0,0,0
632,895,631,896,3,0,0,0
631,896,631,896,3,0,0,0
631,896,631,896,3,0,0,0
631,896,631,896,3,0,0,0
631,896,631,896,3,0,0,0
631,896,631,896,3,0,0,0
631,896,631,895,3,0,0,0
631,895,634,889,3,0,0,0
634,889,639,880,3,0,0,0
639,880,645,871,3,0,0,0
645,871,652,861,3,0,0,0
652,861,658,848,3,0,0,0
658,848,667,832,3,0,0,0
667,832,675,819,3,0,0,0
675,819,682,809,3,0,0,0
682,809,687,798,3,0,0,0
687,798,692,787,3,0,0,0
692,787,696,778,3,0,0,0
696,778,701,770,3,0,0,0
701,770,705,761,3,0,0,0
757,837,757,837,3,0,0,0
757,837,757,837,3,0,0,0
528,834,528,834,3,0,0,0
528,834,528,834,3,0,0,0
528,834,528,834,3,0,0,0
528,834,528,834,3,0,0,0
528,834,528,834,3,0,0,0
528,834,516,833,3,0,0,0
516,833,499,830,3,0,0,0
499,830,489,827,3,0,0,0
489,827,485,826,3,0,0,0
485,826,476,824,3,0,0,0
476,824,467,821,3,0,0,0
467,821,460,819,3,0,0,0
460,819,453,817,3,0,0,0
453,817,449,816,3,0,0,0
449,816,446,815,3,0,0,0
446,815,444,815,3,0,0,0
444,815,442,815,3,0,0,0
442,815,441,815,3,0,0,0
441,815,440,816,3,0,0,0
443,814,443,814,3,0,0,0
443,814,443,814,3,0,0,0
443,814,443,814,3,0,0,0
443,814,443,814,3,0,0,0
443,814,439,813,3,0,0,0
439,813,424,814,3,0,0,0
424,814,412,816,3,0,0,0
412,816,403,816,3,0,0,0
403,816,395,816,3,0,0,0
395,816,388,816,3,0,0,0
388,816,381,815,3,0,0,0
381,815,375,814,3,0,0,0
375,814,370,813,3,0,0,0
370,813,364,812,3,0,0,0
364,812,359,812,3,0,0,0
359,812,356,812,3,0,0,0
356,812,353,811,3,0,0,0
353,811,350,811,3,0,0,0
350,811,346,812,3,0,0,0
346,812,342,813,3,0,0,0
342,813,337,815,3,0,0,0
337,815,332,820,3,0,0,0
332,820,313,848,3,0,0,0
313,848,305,864,3,0,0,0
305,864,299,879,3,0,0,0
299,879,295,892,3,0,0,0
295,892,294,897,3,0,0,0
294,897,291,908,3,0,0,0
291,908,290,917,3,0,0,0
290,917,289,921,3,0,0,0
289,921,289,920,3,0,0,0
289,920,289,921,3,0,0,0
289,921,289,922,3,0,0,0
289,922,289,923,3,0,0,0
289,923,289,923,3,0,0,0
289,923,289,924,3,0,0,0
289,924,289,924,3,0,0,0
289,924,289,924,3,0,0,0
289,924,289,924,3,0,0,0
289,924,289,924,3,0,0,0
289,924,289,924,3,0,0,0
289,924,289,924,3,0,0,0
289,924,288,923,3,0,0,0
288,923,288,923,3,0,0,0
288,923,284,899,3,0,0,0
284,899,285,883,3,0,0,0
285,883,290,865,3,0,0,0
290,865,296,850,3,0,0,0
296,850,301,839,3,0,0,0
301,839,306,832,3,0,0,0
306,832,309,827,3,0,0,0
309,827,312,822,3,0,0,0
312,822,314,818,3,0,0,0
314,818,314,818,3,0,0,0
314,818,314,818,3,0,0,0
314,818,314,818,3,0,0,0
314,818,315,817,3,0,0,0
315,817,315,817,3,0,0,0
315,817,316,816,3,0,0,0
316,816,319,815,3,0,0,0
319,815,323,813,3,0,0,0
323,813,328,812,3,0,0,0
328,812,334,810,3,0,0,0
334,810,342,809,3,0,0,0
342,809,351,808,3,0,0,0
351,808,360,807,3,0,0,0
360,807,370,807,3,0,0,0
370,807,379,807,3,0,0,0
379,807,383,807,3,0,0,0
383,807,392,808,3,0,0,0
392,808,400,810,3,0,0,0
400,810,408,814,3,0,0,0
408,814,416,817,3,0,0,0
416,817,426,821,3,0,0,0
780,853,780,853,3,0,0,0
780,853,780,853,3,0,0,0
780,853,780,853,3,0,0,0
780,853,780,853,3,0,0,0
780,853,780,853,3,0,0,0
780,853,789,852,3,0,0,0
789,852,805,856,3,0,0,0
805,856,817,860,3,0,0,0
817,860,830,863,3,0,0,0
830,863,855,866,3,0,0,0
855,866,868,868,3,0,0,0
868,868,879,870,3,0,0,0
879,870,892,872,3,0,0,0
830,847,830,847,3,0,0,0
830,847,830,847,3,0,0,0
830,847,830,847,3,0,0,0
830,847,830,847,3,0,0,0
830,847,830,847,3,0,0,0
830,847,831,846,3,0,0,0
831,846,863,851,3,0,0,0
863,851,880,852,3,0,0,0
880,852,899,853,3,0,0,0
899,853,918,855,3,0,0,0
918,855,936,857,3,0,0,0
936,857,952,860,3,0,0,0
952,860,961,863,3,0,0,0
961,863,965,864,3,0,0,0
965,864,975,866,3,0,0,0
863,864,863,864,3,0,0,0
863,864,863,864,3,0,0,0
863,864,863,864,3,0,0,0
863,864,863,864,3,0,0,0
863,864,863,864,3,0,0,0
863,864,863,864,3,0,0,0
863,864,866,863,3,0,0,0
866,863,883,864,3,0,0,0
883,864,898,864,3,0,0,0
898,864,911,865,3,0,0,0
911,865,923,866,3,0,0,0
923,866,935,867,3,0,0,0
935,867,946,868,3,0,0,0
946,868,955,868,3,0,0,0
955,868,963,869,3,0,0,0
963,869,967,870,3,0,0,0
967,870,974,871,3,0,0,0
974,871,979,873,3,0,0,0
979,873,983,876,3,0,0,0
983,876,987,879,3,0,0,0
987,879,992,883,3,0,0,0
992,883,996,888,3,0,0,0
996,888,999,894,3,0,0,0
999,894,1002,900,3,0,0,0
1002,900,1004,905,3,0,0,0
1004,905,1006,910,3,0,0,0
1006,910,1007,915,3,0,0,0
1007,915,1008,919,3,0,0,0
1008,919,1008,923,3,0,0,0
1008,923,1008,925,3,0,0,0
1008,925,1008,929,3,0,0,0
1008,929,1008,933,3,0,0,0
1008,933,1008,936,3,0,0,0
1008,936,1008,939,3,0,0,0
1008,939,1007,941,3,0,0,0
1007,941,1007,942,3,0,0,0
1007,942,1007,943,3,0,0,0
1007,943,1006,944,3,0,0,0
1006,944,1006,945,3,0,0,0
1006,945,1006,945,3,0,0,0
1006,945,1006,945,3,0,0,0
458,832,458,832,3,0,0,0
458,832,458,832,3,0,0,0
458,832,458,832,3,0,0,0
458,832,458,832,3,0,0,0
458,832,458,832,3,0,0,0
458,832,458,831,3,0,0,0
458,831,459,834,3,0,0,0
459,834,463,840,3,0,0,0
463,840,468,847,3,0,0,0
468,847,475,856,3,0,0,0
475,856,498,880,3,0,0,0
498,880,511,893,3,0,0,0
511,893,521,901,3,0,0,0
521,901,531,909,3,0,0,0
531,909,541,916,3,0,0,0
541,916,553,923,3,0,0,0
553,923,565,929,3,0,0,0
565,929,574,931,3,0,0,0
574,931,587,935,3,0,0,0
587,935,605,938,3,0,0,0
605,938,620,939,3,0,0,0
620,939,637,940,3,0,0,0
637,940,652,940,3,0,0,0
652,940,669,940,3,0,0,0
669,940,687,938,3,0,0,0
687,938,702,936,3,0,0,0
702,936,719,933,3,0,0,0
719,933,732,930,3,0,0,0
732,930,747,926,3,0,0,0
747,926,759,921,3,0,0,0
759,921,775,913,3,0,0,0
775,913,788,905,3,0,0,0
788,905,805,895,3,0,0,0
805,895,820,884,3,0,0,0
820,884,828,879,3,0,0,0
828,879,843,870,3,0,0,0
843,870,855,861,3,0,0,0
855,861,862,855,3,0,0,0
862,855,866,851,3,0,0,0
866,851,865,852,3,0,0,0
865,852,865,852,3,0,0,0
865,852,865,852,3,0,0,0
865,852,865,852,3,0,0,0
865,852,865,852,3,0,0,0
865,852,861,855,3,0,0,0
861,855,836,872,3,0,0,0
836,872,820,880,3,0,0,0
820,880,807,890,3,0,0,0
807,890,792,899,3,0,0,0
792,899,778,909,3,0,0,0
778,909,770,913,3,0,0,0
770,913,758,920,3,0,0,0
758,920,750,924,3,0,0,0
750,924,742,927,3,0,0,0
742,927,733,930,3,0,0,0
733,930,726,932,3,0,0,0
726,932,720,933,3,0,0,0
720,933,712,935,3,0,0,0
712,935,705,936,3,0,0,0
705,936,698,937,3,0,0,0
698,937,693,939,3,0,0,0
693,939,689,939,3,0,0,0
689,939,682,941,3,0,0,0
682,941,674,943,3,0,0,0
674,943,668,944,3,0,0,0
668,944,661,945,3,0,0,0
661,945,654,947,3,0,0,0
654,947,647,948,3,0,0,0
647,948,640,948,3,0,0,0
640,948,633,948,3,0,0,0
633,948,625,948,3,0,0,0
625,948,618,948,3,0,0,0
618,948,611,946,3,0,0,0
611,946,607,946,3,0,0,0
607,946,600,944,3,0,0,0
600,944,593,941,3,0,0,0
593,941,587,939,3,0,0,0
587,939,579,935,3,0,0,0
579,935,571,931,3,0,0,0
571,931,561,926,3,0,0,0
561,926,551,920,3,0,0,0
551,920,542,914,3,0,0,0
542,914,534,907,3,0,0,0
534,907,525,899,3,0,0,0
525,899,516,890,3,0,0,0
516,890,512,885,3,0,0,0
512,885,504,876,3,0,0,0
504,876,497,866,3,0,0,0
497,866,490,857,3,0,0,0
490,857,484,844,3,0,0,0
484,844,478,833,3,0,0,0
478,833,472,825,3,0,0,0
472,825,467,818,3,0,0,0
467,818,466,816,3,0,0,0
308,862,308,862,3,0,0,0
308,862,308,862,3,0,0,0
308,862,308,862,3,0,0,0
308,862,308,862,3,0,0,0
308,862,300,868,3,0,0,0
300,868,289,880,3,0,0,0
289,880,283,891,3,0,0,0
283,891,275,919,3,0,0,0
275,919,272,932,3,0,0,0
272,932,272,949,3,0,0,0
272,949,272,959,3,0,0,0
272,959,273,959,3,0,0,0
273,959,275,959,3,0,0,0
470,233,470,233,3,0,0,0
470,233,470,233,3,0,0,0
470,233,466,236,3,0,0,0
466,236,435,277,3,0,0,0
435,277,422,301,3,0,0,0
422,301,410,328,3,0,0,0
410,328,402,353,3,0,0,0
402,353,398,376,3,0,0,0
925,75,925,75,3,0,0,0
925,75,925,75,3,0,0,0
817,126,817,126,3,0,0,0
817,126,817,126,3,0,0,0
817,126,817,126,3,0,0,0
817,126,817,126,3,0,0,0
817,126,853,106,3,0,0,0
853,106,888,88,3,0,0,0
888,88,915,76,3,0,0,0
915,76,933,69,3,0,0,0
933,69,941,66,3,0,0,0
941,66,939,67,3,0,0,0
939,67,936,73,3,0,0,0
936,73,907,92,3,0,0,0
907,92,891,104,3,0,0,0
891,104,858,126,3,0,0,0
858,126,831,146,3,0,0,0
831,146,811,159,3,0,0,0
811,159,804,166,3,0,0,0
804,166,803,167,3,0,0,0
876,102,876,102,3,0,0,0
876,102,876,102,3,0,0,0
876,102,876,102,3,0,0,0
876,102,876,102,3,0,0,0
876,102,872,105,3,0,0,0
872,105,859,118,3,0,0,0
859,118,849,128,3,0,0,0
849,128,843,134,3,0,0,0
952,89,952,89,3,0,0,0
952,89,952,89,3,0,0,0
952,89,947,89,3,0,0,0
947,89,917,115,3,0,0,0
917,115,908,120,3,0,0,0
908,120,908,120,3,0,0,0
908,120,907,121,3,0,0,0
907,121,907,121,3,0,0,0
907,121,918,117,3,0,0,0
918,117,938,108,3,0,0,0
938,108,958,99,3,0,0,0
958,99,977,90,3,0,0,0
977,90,993,84,3,0,0,0
993,84,1000,81,3,0,0,0
1000,81,1000,81,3,0,0,0
1000,81,1001,81,3,0,0,0
1001,81,1001,81,3,0,0,0
1001,81,1000,83,3,0,0,0
1000,83,981,101,3,0,0,0
981,101,961,113,3,0,0,0
961,113,953,118,3,0,0,0
953,118,932,127,3,0,0,0
932,127,920,135,3,0,0,0
920,135,904,141,3,0,0,0
904,141,897,144,3,0,0,0
897,144,893,146,3,0,0,0
893,146,889,148,3,0,0,0
889,148,891,147,3,0,0,0
891,147,891,147,3,0,0,0
891,147,891,147,3,0,0,0
891,147,900,142,3,0,0,0
900,142,926,133,3,0,0,0
926,133,955,123,3,0,0,0
955,123,993,110,3,0,0,0
993,110,1041,93,3,0,0,0
1041,93,1047,91,3,0,0,0
1062,122,1062,122,3,0,0,0
1062,122,1062,122,3,0,0,0
1062,122,1062,122,3,0,0,0
1062,122,1062,122,3,0,0,0
1062,122,1062,122,3,0,0,0
1062,122,1062,122,3,0,0,0
1088,119,1088,119,3,0,0,0
1088,119,1088,119,3,0,0,0
1088,119,1088,119,3,0,0,0
1088,119,1088,119,3,0,0,0
1088,119,1088,119,3,0,0,0
1056,136,1056,136,3,0,0,0
1056,136,1056,136,3,0,0,0
1056,136,1056,136,3,0,0,0
1056,136,1056,136,3,0,0,0
1056,136,1056,136,3,0,0,0
1056,136,1055,136,3,0,0,0
1055,136,1055,138,3,0,0,0
1055,138,1055,141,3,0,0,0
1055,141,1055,143,3,0,0,0
1055,143,1056,145,3,0,0,0
1056,145,1056,146,3,0,0,0
1056,146,1057,146,3,0,0,0
1057,146,1057,146,3,0,0,0
1057,146,1058,146,3,0,0,0
1058,146,1059,146,3,0,0,0
1059,146,1060,146,3,0,0,0
1060,146,1060,146,3,0,0,0
1060,146,1060,146,3,0,0,0
1060,146,1060,146,3,0,0,0
1060,146,1060,146,3,0,0,0
1060,146,1061,146,3,0,0,0
1061,146,1062,147,3,0,0,0
1062,147,1064,148,3,0,0,0
1064,148,1067,148,3,0,0,0
1067,148,1068,148,3,0,0,0
1068,148,1070,148,3,0,0,0
1070,148,1072,148,3,0,0,0
1072,148,1073,147,3,0,0,0
1068,155,1068,155,3,0,0,0
1068,155,1068,155,3,0,0,0
1068,155,1068,155,3,0,0,0
1068,155,1068,155,3,0,0,0
1068,155,1068,155,3,0,0,0
1068,155,1068,155,3,0,0,0
1068,155,1068,155,3,0,0,0
1068,155,1068,155,3,0,0,0
1068,155,1067,155,3,0,0,0
1067,155,1068,153,3,0,0,0
1068,153,1069,151,3,0,0,0
1069,151,1069,150,3,0,0,0
1069,150,1070,148,3,0,0,0
1070,148,1070,147,3,0,0,0
1070,147,1070,147,3,0,0,0
1070,147,1071,147,3,0,0,0
1071,147,1071,147,3,0,0,0
1071,147,1071,147,3,0,0,0
1071,147,1071,147,3,0,0,0
1071,147,1071,147,3,0,0,0
1071,147,1073,148,3,0,0,0
1073,148,1075,150,3,0,0,0
1075,150,1077,151,3,0,0,0
1077,151,1080,152,3,0,0,0
1080,152,1083,152,3,0,0,0
1083,152,1086,152,3,0,0,0
1098,142,1098,142,3,0,0,0
1098,142,1098,142,3,0,0,0
1098,142,1098,142,3,0,0,0
1098,142,1098,142,3,0,0,0
1098,142,1098,142,3,0,0,0
1098,142,1098,142,3,0,0,0
1098,142,1098,142,3,0,0,0
1098,142,1098,142,3,0,0,0
1098,142,1097,142,3,0,0,0
1097,142,1097,142,3,0,0,0
1097,142,1097,144,3,0,0,0
1097,144,1097,146,3,0,0,0
1097,146,1097,148,3,0,0,0
1097,148,1096,150,3,0,0,0
1096,150,1095,151,3,0,0,0
1095,151,1093,153,3,0,0,0
1093,153,1091,154,3,0,0,0
1091,154,1090,155,3,0,0,0
1090,155,1089,155,3,0,0,0
1089,155,1088,155,3,0,0,0
